# timestamp;hostname;version;nRanks;rankNo;durationAssembleBoundaryConditions;n;durationComputeMappingBetweenMeshes;n;durationInitCellml;n;durationMap;n;durationMapFinalize;n;durationMapPrepare;n;durationParaview1D;n;durationParaview1DInit;n;durationParaview1DReduction;n;durationParaview1DWrite;n;durationParaview2D;n;durationParaview2D3DInit;n;durationParaview3D;n;durationParaview3DInit;n;durationParaview3DReduction;n;durationParaview3DWrite;n;durationParaviewOutput;n;durationReadGeometry;n;durationSetRightHandSide;n;durationSetStiffnessMatrix;n;durationWriteOutput;n;durationWriteOutputParaview;n;durationWriteOutputPythonCallback;n;duration_0D;n;duration_1D;n;duration_3D;n;duration_3D_advanceTimeSpan1;n;duration_3D_advanceTimeSpan2;n;duration_3D_durationSolve;n;duration_3D_transfer12;n;duration_3D_transfer21;n;duration_mechanics;n;duration_mechanics_durationSolve;n;anonymous0_preconditionerType;anonymous0_solverType;currentSimulationTime;diffusionSolver_preconditionerType;diffusionSolver_solverType;dt_0D;dt_1D;dt_3D;dt_splitting;endTime;exit;exit_signal;mechanicsSolver_preconditionerType;mechanicsSolver_solverType;memoryData;memoryPage;memoryResidentSet;memoryVirtual;nInstancesComputedGlobally;scenarioName;totalUsertime;~nDofs;~nDofsmuscle_quadratic;~nElements;~nElementsmuscle_quadratic;~nNodes;~nNodesmuscle_quadratic;
2026/4/8 20:18:02;cmcs09;opendihu 1.5, built Aug  7 2025, C++ 201402, GCC 12.2.0;1;0;3.8676e-05;18;0.015658;9;4.56642;18;0.472255;36036;0.563341;2001;0.00980861;2001;2.66074;4004;0.0059418;12;2.935e-06;2;0.677136;2001;0.0147751;4004;1.7202e-05;10;4.44912;4004;0.00183375;13;1.0455e-05;3;2.3975;2003;7.16874;4004;7.277e-06;1;3.948e-06;18;0.00331258;18;10.2549;10043;7.1877;4004;3.05408;2002;4.927;400002;0.455396;199999;832.17;4002;8.60829;2001;837.418;2001;752.554;2000;0.812537;2001;0.356954;2001;0.588403;1;0.542297;1;lu;preonly;200.000000;none;cg;0.0005;0.001;0.1;0.001;200;normal;;lu;preonly;2227224576;4096;1768644608;2546040832;9;default;845.48;30;275;29;20;30;275;
# timestamp;hostname;version;nRanks;rankNo;durationAssembleBoundaryConditions;n;durationComputeMappingBetweenMeshes;n;durationInitCellml;n;durationMap;n;durationMapFinalize;n;durationMapPrepare;n;durationParaview1D;n;durationParaview1DInit;n;durationParaview1DReduction;n;durationParaview1DWrite;n;durationParaview2D;n;durationParaview2D3DInit;n;durationParaview3D;n;durationParaview3DInit;n;durationParaview3DReduction;n;durationParaview3DWrite;n;durationParaviewOutput;n;durationReadGeometry;n;durationSetRightHandSide;n;durationSetStiffnessMatrix;n;durationWriteOutput;n;durationWriteOutputParaview;n;durationWriteOutputPythonCallback;n;duration_0D;n;duration_1D;n;duration_3D;n;duration_3D_advanceTimeSpan1;n;duration_3D_advanceTimeSpan2;n;duration_3D_durationSolve;n;duration_3D_transfer12;n;duration_3D_transfer21;n;duration_mechanics;n;duration_mechanics_durationSolve;n;anonymous0_preconditionerType;anonymous0_solverType;currentSimulationTime;diffusionSolver_preconditionerType;diffusionSolver_solverType;dt_0D;dt_1D;dt_3D;dt_splitting;endTime;exit;exit_signal;mechanicsSolver_preconditionerType;mechanicsSolver_solverType;memoryData;memoryPage;memoryResidentSet;memoryVirtual;nInstancesComputedGlobally;scenarioName;totalUsertime;~nDofs;~nDofsmuscle_quadratic;~nElements;~nElementsmuscle_quadratic;~nNodes;~nNodesmuscle_quadratic;
2026/4/8 20:32:05;cmcs09;opendihu 1.5, built Aug  7 2025, C++ 201402, GCC 12.2.0;1;0;1.7393e-05;18;0.0154532;9;0.0247504;18;0.46664;36036;0.564592;2001;0.00945654;2001;2.45253;4004;0.000189793;12;3.173e-06;2;0.66638;2001;0.0144589;4004;1.5978e-05;10;4.50373;4004;0.000276558;13;8.58e-06;3;2.37368;2003;7.01438;4004;4.306e-06;1;1.857e-06;18;0.00120406;18;10.0924;10043;7.03346;4004;3.04611;2002;5.01735;400002;0.456324;199999;814.461;4002;8.50716;2001;819.758;2001;735.067;2000;0.810102;2001;0.35888;2001;0.509231;1;0.498441;1;lu;preonly;200.000000;none;cg;0.0005;0.001;0.1;0.001;200;normal;;lu;preonly;2227253248;4096;1769811968;2546069504;9;default;827.83;30;275;29;20;30;275;
# timestamp;hostname;version;nRanks;rankNo;durationAssembleBoundaryConditions;n;durationComputeMappingBetweenMeshes;n;durationInitCellml;n;durationMap;n;durationMapFinalize;n;durationMapPrepare;n;durationParaview1D;n;durationParaview1DInit;n;durationParaview1DReduction;n;durationParaview1DWrite;n;durationParaview2D;n;durationParaview2D3DInit;n;durationParaview3D;n;durationParaview3DInit;n;durationParaview3DReduction;n;durationParaview3DWrite;n;durationParaviewOutput;n;durationReadGeometry;n;durationSetRightHandSide;n;durationSetStiffnessMatrix;n;durationWriteOutput;n;durationWriteOutputParaview;n;durationWriteOutputPythonCallback;n;duration_0D;n;duration_1D;n;duration_3D;n;duration_3D_advanceTimeSpan1;n;duration_3D_advanceTimeSpan2;n;duration_3D_durationSolve;n;duration_3D_transfer12;n;duration_3D_transfer21;n;duration_mechanics;n;duration_mechanics_durationSolve;n;anonymous0_preconditionerType;anonymous0_solverType;currentSimulationTime;diffusionSolver_preconditionerType;diffusionSolver_solverType;dt_0D;dt_1D;dt_3D;dt_splitting;endTime;exit;exit_signal;mechanicsSolver_preconditionerType;mechanicsSolver_solverType;memoryData;memoryPage;memoryResidentSet;memoryVirtual;nInstancesComputedGlobally;scenarioName;totalUsertime;~nDofs;~nDofsmuscle_quadratic;~nElements;~nElementsmuscle_quadratic;~nNodes;~nNodesmuscle_quadratic;
2026/4/8 20:46:17;cmcs09;opendihu 1.5, built Aug  7 2025, C++ 201402, GCC 12.2.0;1;0;2.0751e-05;18;0.0154389;9;0.025013;18;0.464918;36036;0.558508;2001;0.00954696;2001;2.49897;4004;0.000179557;12;3.373e-06;2;0.666753;2001;0.0144362;4004;1.4903e-05;10;4.60484;4004;0.000278517;13;7.552e-06;3;2.36442;2003;7.16206;4004;4.289e-06;1;2.644e-06;18;0.00165104;18;10.2213;10043;7.18099;4004;3.02701;2002;5.06601;400002;0.455774;199999;829.025;4002;8.60033;2001;834.423;2001;749.222;2000;0.803403;2001;0.355647;2001;0.511664;1;0.500851;1;lu;preonly;200.000000;none;cg;0.0005;0.001;0.1;0.001;200;normal;;lu;preonly;2227347456;4096;1769730048;2546163712;9;default;842.45;30;275;29;20;30;275;
# timestamp;hostname;version;nRanks;rankNo;durationAssembleBoundaryConditions;n;durationComputeMappingBetweenMeshes;n;durationInitCellml;n;durationMap;n;durationMapFinalize;n;durationMapPrepare;n;durationParaview1D;n;durationParaview1DInit;n;durationParaview1DReduction;n;durationParaview1DWrite;n;durationParaview2D;n;durationParaview2D3DInit;n;durationParaview3D;n;durationParaview3DInit;n;durationParaview3DReduction;n;durationParaview3DWrite;n;durationParaviewOutput;n;durationReadGeometry;n;durationSetRightHandSide;n;durationSetStiffnessMatrix;n;durationWriteOutput;n;durationWriteOutputParaview;n;durationWriteOutputPythonCallback;n;duration_0D;n;duration_1D;n;duration_3D;n;duration_3D_advanceTimeSpan1;n;duration_3D_advanceTimeSpan2;n;duration_3D_durationSolve;n;duration_3D_transfer12;n;duration_3D_transfer21;n;duration_mechanics;n;duration_mechanics_durationSolve;n;anonymous0_preconditionerType;anonymous0_solverType;currentSimulationTime;diffusionSolver_preconditionerType;diffusionSolver_solverType;dt_0D;dt_1D;dt_3D;dt_splitting;endTime;exit;exit_signal;mechanicsSolver_preconditionerType;mechanicsSolver_solverType;memoryData;memoryPage;memoryResidentSet;memoryVirtual;nInstancesComputedGlobally;scenarioName;totalUsertime;~nDofs;~nDofsmuscle_quadratic;~nElements;~nElementsmuscle_quadratic;~nNodes;~nNodesmuscle_quadratic;
2026/4/8 21:00:18;cmcs09;opendihu 1.5, built Aug  7 2025, C++ 201402, GCC 12.2.0;1;0;1.6151e-05;18;0.0154639;9;0.0232028;18;0.467644;36036;0.561723;2001;0.00957027;2001;2.46883;4004;0.000177414;12;3.235e-06;2;0.667244;2001;0.0146502;4004;1.4808e-05;10;4.3869;4004;0.000274641;13;6.857e-06;3;2.42437;2003;6.91515;4004;3.776e-06;1;1.555e-06;18;0.00115452;18;9.99062;10043;6.93413;4004;3.0431;2002;4.97444;400002;0.456483;199999;819.685;4002;8.47685;2001;824.869;2001;739.63;2000;0.809051;2001;0.357152;2001;0.529142;1;0.518274;1;lu;preonly;200.000000;none;cg;0.0005;0.001;0.1;0.001;200;normal;;lu;preonly;2227314688;4096;1788760064;2546130944;9;default;832.84;30;275;29;20;30;275;
# timestamp;hostname;version;nRanks;rankNo;durationAssembleBoundaryConditions;n;durationComputeMappingBetweenMeshes;n;durationInitCellml;n;durationMap;n;durationMapFinalize;n;durationMapPrepare;n;durationParaview1D;n;durationParaview1DInit;n;durationParaview1DReduction;n;durationParaview1DWrite;n;durationParaview2D;n;durationParaview2D3DInit;n;durationParaview3D;n;durationParaview3DInit;n;durationParaview3DReduction;n;durationParaview3DWrite;n;durationParaviewOutput;n;durationReadGeometry;n;durationSetRightHandSide;n;durationSetStiffnessMatrix;n;durationWriteOutput;n;durationWriteOutputParaview;n;durationWriteOutputPythonCallback;n;duration_0D;n;duration_1D;n;duration_3D;n;duration_3D_advanceTimeSpan1;n;duration_3D_advanceTimeSpan2;n;duration_3D_durationSolve;n;duration_3D_transfer12;n;duration_3D_transfer21;n;duration_mechanics;n;duration_mechanics_durationSolve;n;anonymous0_preconditionerType;anonymous0_solverType;currentSimulationTime;diffusionSolver_preconditionerType;diffusionSolver_solverType;dt_0D;dt_1D;dt_3D;dt_splitting;endTime;exit;exit_signal;mechanicsSolver_preconditionerType;mechanicsSolver_solverType;memoryData;memoryPage;memoryResidentSet;memoryVirtual;nInstancesComputedGlobally;scenarioName;totalUsertime;~nDofs;~nDofsmuscle_quadratic;~nElements;~nElementsmuscle_quadratic;~nNodes;~nNodesmuscle_quadratic;
2026/4/9 21:12:07;cmcs09;opendihu 1.5, built Aug  7 2025, C++ 201402, GCC 12.2.0;1;0;2.276e-05;18;0.0156918;9;0.0614334;18;0.0235024;1836;0.0280797;101;0.000508543;101;0.099344;204;0.000184964;12;3.422e-06;2;0.0276766;101;0.00107487;204;1.5759e-05;10;0.162851;204;0.000280855;13;7.849e-06;3;0.0865589;103;0.265577;204;4.486e-06;1;1.834e-06;18;0.00136319;18;0.393337;543;0.266534;204;0.126167;102;0.214726;20002;0.0227049;9999;32.0355;202;0.362923;101;32.2029;101;27.528;100;0.0658822;101;0.0176441;101;0.507583;1;0.494887;1;lu;preonly;10.000000;none;cg;0.0005;0.001;0.1;0.001;10;normal;;lu;preonly;664604672;4096;228577280;983420928;9;default;34.03;30;275;29;20;30;275;
# timestamp;hostname;version;nRanks;rankNo;durationAssembleBoundaryConditions;n;durationComputeMappingBetweenMeshes;n;durationInitCellml;n;durationMap;n;durationMapFinalize;n;durationMapPrepare;n;durationParaview1D;n;durationParaview1DInit;n;durationParaview1DReduction;n;durationParaview1DWrite;n;durationParaview2D;n;durationParaview2D3DInit;n;durationParaview3D;n;durationParaview3DInit;n;durationParaview3DReduction;n;durationParaview3DWrite;n;durationParaviewOutput;n;durationReadGeometry;n;durationSetRightHandSide;n;durationSetStiffnessMatrix;n;durationWriteOutput;n;durationWriteOutputParaview;n;durationWriteOutputPythonCallback;n;duration_0D;n;duration_1D;n;duration_3D;n;duration_3D_advanceTimeSpan1;n;duration_3D_advanceTimeSpan2;n;duration_3D_durationSolve;n;duration_3D_transfer12;n;duration_3D_transfer21;n;duration_mechanics;n;duration_mechanics_durationSolve;n;anonymous0_preconditionerType;anonymous0_solverType;currentSimulationTime;diffusionSolver_preconditionerType;diffusionSolver_solverType;dt_0D;dt_1D;dt_3D;dt_splitting;endTime;exit;exit_signal;mechanicsSolver_preconditionerType;mechanicsSolver_solverType;memoryData;memoryPage;memoryResidentSet;memoryVirtual;nInstancesComputedGlobally;scenarioName;totalUsertime;~nDofs;~nDofsmuscle_quadratic;~nElements;~nElementsmuscle_quadratic;~nNodes;~nNodesmuscle_quadratic;
2026/4/9 21:12:47;cmcs09;opendihu 1.5, built Aug  7 2025, C++ 201402, GCC 12.2.0;1;0;1.615e-05;18;0.0155434;9;0.0235673;18;0.0240579;1836;0.0278984;101;0.00048739;101;0.0962173;204;0.000170797;12;3.135e-06;2;0.027751;101;0.00106897;204;1.3959e-05;10;0.219406;204;0.000274123;13;7.072e-06;3;0.0885553;103;0.319088;204;3.749e-06;1;2.238e-06;18;0.00116143;18;0.444892;543;0.320007;204;0.124266;102;0.21987;20002;0.0227763;9999;31.9248;202;0.366404;101;32.1586;101;27.4632;100;0.0552936;101;0.0181449;101;0.507719;1;0.496944;1;lu;preonly;10.000000;none;cg;0.0005;0.001;0.1;0.001;10;normal;;lu;preonly;664600576;4096;226533376;983416832;9;default;33.83;30;275;29;20;30;275;
# timestamp;hostname;version;nRanks;rankNo;durationAssembleBoundaryConditions;n;durationComputeMappingBetweenMeshes;n;durationInitCellml;n;durationMap;n;durationMapFinalize;n;durationMapPrepare;n;durationParaview1D;n;durationParaview1DInit;n;durationParaview1DReduction;n;durationParaview1DWrite;n;durationParaview2D;n;durationParaview2D3DInit;n;durationParaview3D;n;durationParaview3DInit;n;durationParaview3DReduction;n;durationParaview3DWrite;n;durationParaviewOutput;n;durationReadGeometry;n;durationSetRightHandSide;n;durationSetStiffnessMatrix;n;durationWriteOutput;n;durationWriteOutputParaview;n;durationWriteOutputPythonCallback;n;duration_0D;n;duration_1D;n;duration_3D;n;duration_3D_advanceTimeSpan1;n;duration_3D_advanceTimeSpan2;n;duration_3D_durationSolve;n;duration_3D_transfer12;n;duration_3D_transfer21;n;duration_mechanics;n;duration_mechanics_durationSolve;n;anonymous0_preconditionerType;anonymous0_solverType;currentSimulationTime;diffusionSolver_preconditionerType;diffusionSolver_solverType;dt_0D;dt_1D;dt_3D;dt_splitting;endTime;exit;exit_signal;mechanicsSolver_preconditionerType;mechanicsSolver_solverType;memoryData;memoryPage;memoryResidentSet;memoryVirtual;nInstancesComputedGlobally;scenarioName;totalUsertime;~nDofs;~nDofsmuscle_quadratic;~nElements;~nElementsmuscle_quadratic;~nNodes;~nNodesmuscle_quadratic;
2026/4/9 21:13:26;cmcs09;opendihu 1.5, built Aug  7 2025, C++ 201402, GCC 12.2.0;1;0;1.8309e-05;18;0.0154393;9;0.0231252;18;0.0239317;1836;0.0279744;101;0.000501204;101;0.0973933;204;0.000178291;12;3.262e-06;2;0.0281207;101;0.00105918;204;1.5345e-05;10;0.162915;204;0.000273489;13;6.882e-06;3;0.0868072;103;0.26371;204;3.53e-06;1;1.974e-06;18;0.00112765;18;0.393713;543;0.26469;204;0.12835;102;0.214933;20002;0.0228228;9999;31.5828;202;0.362755;101;31.7607;101;27.1209;100;0.0555051;101;0.0177723;101;0.514001;1;0.503208;1;lu;preonly;10.000000;none;cg;0.0005;0.001;0.1;0.001;10;normal;;lu;preonly;664678400;4096;226656256;983494656;9;default;33.48;30;275;29;20;30;275;
# timestamp;hostname;version;nRanks;rankNo;durationAssembleBoundaryConditions;n;durationComputeMappingBetweenMeshes;n;durationInitCellml;n;durationMap;n;durationMapFinalize;n;durationMapPrepare;n;durationParaview1D;n;durationParaview1DInit;n;durationParaview1DReduction;n;durationParaview1DWrite;n;durationParaview2D;n;durationParaview2D3DInit;n;durationParaview3D;n;durationParaview3DInit;n;durationParaview3DReduction;n;durationParaview3DWrite;n;durationParaviewOutput;n;durationReadGeometry;n;durationSetRightHandSide;n;durationSetStiffnessMatrix;n;durationWriteOutput;n;durationWriteOutputParaview;n;durationWriteOutputPythonCallback;n;duration_0D;n;duration_1D;n;duration_3D;n;duration_3D_advanceTimeSpan1;n;duration_3D_advanceTimeSpan2;n;duration_3D_durationSolve;n;duration_3D_transfer12;n;duration_3D_transfer21;n;duration_mechanics;n;duration_mechanics_durationSolve;n;anonymous0_preconditionerType;anonymous0_solverType;currentSimulationTime;diffusionSolver_preconditionerType;diffusionSolver_solverType;dt_0D;dt_1D;dt_3D;dt_splitting;endTime;exit;exit_signal;mechanicsSolver_preconditionerType;mechanicsSolver_solverType;memoryData;memoryPage;memoryResidentSet;memoryVirtual;nInstancesComputedGlobally;scenarioName;totalUsertime;~nDofs;~nDofsmuscle_quadratic;~nElements;~nElementsmuscle_quadratic;~nNodes;~nNodesmuscle_quadratic;
2026/4/9 21:14:05;cmcs09;opendihu 1.5, built Aug  7 2025, C++ 201402, GCC 12.2.0;1;0;1.826e-05;18;0.0153876;9;0.0231551;18;0.0236324;1836;0.0276705;101;0.000484885;101;0.0959415;204;0.000173449;12;3.085e-06;2;0.0273656;101;0.00105586;204;1.4347e-05;10;0.161867;204;0.000273331;13;7.052e-06;3;0.0866336;103;0.26114;204;3.689e-06;1;1.567e-06;18;0.00112399;18;0.389092;543;0.262063;204;0.126419;102;0.213348;20002;0.0226552;9999;31.9921;202;0.359563;101;32.168;101;27.5503;100;0.0548662;101;0.0176961;101;0.505923;1;0.495126;1;lu;preonly;10.000000;none;cg;0.0005;0.001;0.1;0.001;10;normal;;lu;preonly;664604672;4096;228683776;983420928;9;default;33.8;30;275;29;20;30;275;
# timestamp;hostname;version;nRanks;rankNo;durationAssembleBoundaryConditions;n;durationComputeMappingBetweenMeshes;n;durationInitCellml;n;durationMap;n;durationMapFinalize;n;durationMapPrepare;n;durationParaview1D;n;durationParaview1DInit;n;durationParaview1DReduction;n;durationParaview1DWrite;n;durationParaview2D;n;durationParaview2D3DInit;n;durationParaview3D;n;durationParaview3DInit;n;durationParaview3DReduction;n;durationParaview3DWrite;n;durationParaviewOutput;n;durationReadGeometry;n;durationSetRightHandSide;n;durationSetStiffnessMatrix;n;durationWriteOutput;n;durationWriteOutputParaview;n;durationWriteOutputPythonCallback;n;duration_0D;n;duration_1D;n;duration_3D;n;duration_3D_advanceTimeSpan1;n;duration_3D_advanceTimeSpan2;n;duration_3D_durationSolve;n;duration_3D_transfer12;n;duration_3D_transfer21;n;duration_mechanics;n;duration_mechanics_durationSolve;n;anonymous0_preconditionerType;anonymous0_solverType;currentSimulationTime;diffusionSolver_preconditionerType;diffusionSolver_solverType;dt_0D;dt_1D;dt_3D;dt_splitting;endTime;exit;exit_signal;mechanicsSolver_preconditionerType;mechanicsSolver_solverType;memoryData;memoryPage;memoryResidentSet;memoryVirtual;nInstancesComputedGlobally;scenarioName;totalUsertime;~nDofs;~nDofsmuscle_quadratic;~nElements;~nElementsmuscle_quadratic;~nNodes;~nNodesmuscle_quadratic;
2026/4/9 21:35:15;cmcs09;opendihu 1.5, built Aug  7 2025, C++ 201402, GCC 12.2.0;1;0;1.774e-05;18;0.0157818;9;0.0231617;18;0.0238741;1836;0.0284097;101;0.000492418;101;0.0989171;204;0.000227934;12;3.914e-06;2;0.028613;101;0.00123039;204;1.7267e-05;10;0.165224;204;0.000355079;13;9.708e-06;3;0.0882606;103;0.267823;204;3.791e-06;1;1.736e-06;18;0.00114014;18;0.395819;543;0.268769;204;0.126413;102;0.217351;20002;0.0230077;9999;31.998;202;0.367436;101;32.1761;101;27.5061;100;0.0560881;101;0.0179071;101;0.538448;1;0.527584;1;lu;preonly;10.000000;none;cg;0.0005;0.001;0.1;0.001;10;normal;;lu;preonly;664600576;4096;228528128;983416832;9;default;33.79;30;275;29;20;30;275;
# timestamp;hostname;version;nRanks;rankNo;durationAssembleBoundaryConditions;n;durationComputeMappingBetweenMeshes;n;durationInitCellml;n;durationMap;n;durationMapFinalize;n;durationMapPrepare;n;durationParaview1D;n;durationParaview1DInit;n;durationParaview1DReduction;n;durationParaview1DWrite;n;durationParaview2D;n;durationParaview2D3DInit;n;durationParaview3D;n;durationParaview3DInit;n;durationParaview3DReduction;n;durationParaview3DWrite;n;durationParaviewOutput;n;durationReadGeometry;n;durationSetRightHandSide;n;durationSetStiffnessMatrix;n;durationWriteOutput;n;durationWriteOutputParaview;n;durationWriteOutputPythonCallback;n;duration_0D;n;duration_1D;n;duration_3D;n;duration_3D_advanceTimeSpan1;n;duration_3D_advanceTimeSpan2;n;duration_3D_durationSolve;n;duration_3D_transfer12;n;duration_3D_transfer21;n;duration_mechanics;n;duration_mechanics_durationSolve;n;anonymous0_preconditionerType;anonymous0_solverType;currentSimulationTime;diffusionSolver_preconditionerType;diffusionSolver_solverType;dt_0D;dt_1D;dt_3D;dt_splitting;endTime;exit;exit_signal;mechanicsSolver_preconditionerType;mechanicsSolver_solverType;memoryData;memoryPage;memoryResidentSet;memoryVirtual;nInstancesComputedGlobally;scenarioName;totalUsertime;~nDofs;~nDofsmuscle_quadratic;~nElements;~nElementsmuscle_quadratic;~nNodes;~nNodesmuscle_quadratic;
2026/4/9 21:35:55;cmcs09;opendihu 1.5, built Aug  7 2025, C++ 201402, GCC 12.2.0;1;0;1.6173e-05;18;0.0155018;9;0.0252344;18;0.0237243;1836;0.0280729;101;0.00050658;101;0.140525;204;0.000172466;12;3.517e-06;2;0.0277731;101;0.00106938;204;1.4373e-05;10;0.182811;204;0.000275689;13;6.487e-06;3;0.0940437;103;0.326731;204;3.043e-06;1;1.787e-06;18;0.00119238;18;0.453148;543;0.327652;204;0.124898;102;0.216536;20002;0.0227323;9999;31.9315;202;0.407227;101;32.129;101;27.4683;100;0.0554012;101;0.0177428;101;0.504891;1;0.494167;1;lu;preonly;10.000000;none;cg;0.0005;0.001;0.1;0.001;10;normal;;lu;preonly;664604672;4096;228519936;983420928;9;default;33.85;30;275;29;20;30;275;
# timestamp;hostname;version;nRanks;rankNo;durationAssembleBoundaryConditions;n;durationComputeMappingBetweenMeshes;n;durationInitCellml;n;durationMap;n;durationMapFinalize;n;durationMapPrepare;n;durationParaview1D;n;durationParaview1DInit;n;durationParaview1DReduction;n;durationParaview1DWrite;n;durationParaview2D;n;durationParaview2D3DInit;n;durationParaview3D;n;durationParaview3DInit;n;durationParaview3DReduction;n;durationParaview3DWrite;n;durationParaviewOutput;n;durationReadGeometry;n;durationSetRightHandSide;n;durationSetStiffnessMatrix;n;durationWriteOutput;n;durationWriteOutputParaview;n;durationWriteOutputPythonCallback;n;duration_0D;n;duration_1D;n;duration_3D;n;duration_3D_advanceTimeSpan1;n;duration_3D_advanceTimeSpan2;n;duration_3D_durationSolve;n;duration_3D_transfer12;n;duration_3D_transfer21;n;duration_mechanics;n;duration_mechanics_durationSolve;n;anonymous0_preconditionerType;anonymous0_solverType;currentSimulationTime;diffusionSolver_preconditionerType;diffusionSolver_solverType;dt_0D;dt_1D;dt_3D;dt_splitting;endTime;exit;exit_signal;mechanicsSolver_preconditionerType;mechanicsSolver_solverType;memoryData;memoryPage;memoryResidentSet;memoryVirtual;nInstancesComputedGlobally;scenarioName;totalUsertime;~nDofs;~nDofsmuscle_quadratic;~nElements;~nElementsmuscle_quadratic;~nNodes;~nNodesmuscle_quadratic;
2026/4/9 21:36:34;cmcs09;opendihu 1.5, built Aug  7 2025, C++ 201402, GCC 12.2.0;1;0;1.6597e-05;18;0.0160023;9;0.0233394;18;0.0239096;1836;0.0280694;101;0.000511999;101;0.096978;204;0.000175989;12;3.215e-06;2;0.0278458;101;0.0010979;204;1.5606e-05;10;0.165777;204;0.000277373;13;7.956e-06;3;0.087309;103;0.266214;204;3.32e-06;1;1.833e-06;18;0.00111565;18;0.393981;543;0.26713;204;0.126228;102;0.216521;20002;0.0228261;9999;31.8574;202;0.363564;101;32.0371;101;27.3958;100;0.0560632;101;0.0177801;101;0.507498;1;0.496709;1;lu;preonly;10.000000;none;cg;0.0005;0.001;0.1;0.001;10;normal;;lu;preonly;664674304;4096;226545664;983490560;9;default;33.71;30;275;29;20;30;275;
# timestamp;hostname;version;nRanks;rankNo;durationAssembleBoundaryConditions;n;durationComputeMappingBetweenMeshes;n;durationInitCellml;n;durationMap;n;durationMapFinalize;n;durationMapPrepare;n;durationParaview1D;n;durationParaview1DInit;n;durationParaview1DReduction;n;durationParaview1DWrite;n;durationParaview2D;n;durationParaview2D3DInit;n;durationParaview3D;n;durationParaview3DInit;n;durationParaview3DReduction;n;durationParaview3DWrite;n;durationParaviewOutput;n;durationReadGeometry;n;durationSetRightHandSide;n;durationSetStiffnessMatrix;n;durationWriteOutput;n;durationWriteOutputParaview;n;durationWriteOutputPythonCallback;n;duration_0D;n;duration_1D;n;duration_3D;n;duration_3D_advanceTimeSpan1;n;duration_3D_advanceTimeSpan2;n;duration_3D_durationSolve;n;duration_3D_transfer12;n;duration_3D_transfer21;n;duration_mechanics;n;duration_mechanics_durationSolve;n;anonymous0_preconditionerType;anonymous0_solverType;currentSimulationTime;diffusionSolver_preconditionerType;diffusionSolver_solverType;dt_0D;dt_1D;dt_3D;dt_splitting;endTime;exit;exit_signal;mechanicsSolver_preconditionerType;mechanicsSolver_solverType;memoryData;memoryPage;memoryResidentSet;memoryVirtual;nInstancesComputedGlobally;scenarioName;totalUsertime;~nDofs;~nDofsmuscle_quadratic;~nElements;~nElementsmuscle_quadratic;~nNodes;~nNodesmuscle_quadratic;
2026/4/9 21:37:13;cmcs09;opendihu 1.5, built Aug  7 2025, C++ 201402, GCC 12.2.0;1;0;1.7759e-05;18;0.0154928;9;0.0231705;18;0.0236494;1836;0.027953;101;0.000488157;101;0.0972965;204;0.000169878;12;3.09e-06;2;0.0280946;101;0.00106481;204;1.419e-05;10;0.175053;204;0.000288424;13;1.0095e-05;3;0.086488;103;0.275768;204;3.343e-06;1;1.63e-06;18;0.00116377;18;0.403315;543;0.276713;204;0.125973;102;0.214549;20002;0.0228155;9999;31.9076;202;0.36198;101;32.0963;101;27.4547;100;0.0552263;101;0.0176539;101;0.508361;1;0.496961;1;lu;preonly;10.000000;none;cg;0.0005;0.001;0.1;0.001;10;normal;;lu;preonly;664666112;4096;226611200;983482368;9;default;33.73;30;275;29;20;30;275;
# timestamp;hostname;version;nRanks;rankNo;durationAssembleBoundaryConditions;n;durationComputeMappingBetweenMeshes;n;durationInitCellml;n;durationMap;n;durationMapFinalize;n;durationMapPrepare;n;durationParaview1D;n;durationParaview1DInit;n;durationParaview1DReduction;n;durationParaview1DWrite;n;durationParaview2D;n;durationParaview2D3DInit;n;durationParaview3D;n;durationParaview3DInit;n;durationParaview3DReduction;n;durationParaview3DWrite;n;durationParaviewOutput;n;durationReadGeometry;n;durationSetRightHandSide;n;durationSetStiffnessMatrix;n;durationWriteOutput;n;durationWriteOutputParaview;n;durationWriteOutputPythonCallback;n;duration_0D;n;duration_1D;n;duration_3D;n;duration_3D_advanceTimeSpan1;n;duration_3D_advanceTimeSpan2;n;duration_3D_durationSolve;n;duration_3D_transfer12;n;duration_3D_transfer21;n;duration_mechanics;n;duration_mechanics_durationSolve;n;anonymous0_preconditionerType;anonymous0_solverType;currentSimulationTime;diffusionSolver_preconditionerType;diffusionSolver_solverType;dt_0D;dt_1D;dt_3D;dt_splitting;endTime;exit;exit_signal;mechanicsSolver_preconditionerType;mechanicsSolver_solverType;memoryData;memoryPage;memoryResidentSet;memoryVirtual;nInstancesComputedGlobally;scenarioName;totalUsertime;~nDofs;~nDofsmuscle_quadratic;~nElements;~nElementsmuscle_quadratic;~nNodes;~nNodesmuscle_quadratic;
2026/4/9 21:37:53;cmcs09;opendihu 1.5, built Aug  7 2025, C++ 201402, GCC 12.2.0;1;0;1.8907e-05;18;0.0155162;9;0.0251187;18;0.0235505;1836;0.0282745;101;0.000477239;101;0.096744;204;0.00017196;12;2.883e-06;2;0.0276444;101;0.00105587;204;1.4815e-05;10;0.161534;204;0.000271864;13;6.646e-06;3;0.0870284;103;0.261631;204;4.242e-06;1;1.935e-06;18;0.00121131;18;0.389203;543;0.262536;204;0.126054;102;0.213484;20002;0.0226534;9999;31.7865;202;0.360276;101;31.9615;101;27.2947;100;0.0555958;101;0.017636;101;0.516489;1;0.505724;1;lu;preonly;10.000000;none;cg;0.0005;0.001;0.1;0.001;10;normal;;lu;preonly;664604672;4096;228683776;983420928;9;default;33.71;30;275;29;20;30;275;
# timestamp;hostname;version;nRanks;rankNo;durationAssembleBoundaryConditions;n;durationComputeMappingBetweenMeshes;n;durationInitCellml;n;durationMap;n;durationMapFinalize;n;durationMapPrepare;n;durationParaview1D;n;durationParaview1DInit;n;durationParaview1DReduction;n;durationParaview1DWrite;n;durationParaview2D;n;durationParaview2D3DInit;n;durationParaview3D;n;durationParaview3DInit;n;durationParaview3DReduction;n;durationParaview3DWrite;n;durationParaviewOutput;n;durationReadGeometry;n;durationSetRightHandSide;n;durationSetStiffnessMatrix;n;durationWriteOutput;n;durationWriteOutputParaview;n;durationWriteOutputPythonCallback;n;duration_0D;n;duration_1D;n;duration_3D;n;duration_3D_advanceTimeSpan1;n;duration_3D_advanceTimeSpan2;n;duration_3D_durationSolve;n;duration_3D_transfer12;n;duration_3D_transfer21;n;duration_mechanics;n;duration_mechanics_durationSolve;n;anonymous0_preconditionerType;anonymous0_solverType;currentSimulationTime;diffusionSolver_preconditionerType;diffusionSolver_solverType;dt_0D;dt_1D;dt_3D;dt_splitting;endTime;exit;exit_signal;mechanicsSolver_preconditionerType;mechanicsSolver_solverType;memoryData;memoryPage;memoryResidentSet;memoryVirtual;nInstancesComputedGlobally;scenarioName;totalUsertime;~nDofs;~nDofsmuscle_quadratic;~nElements;~nElementsmuscle_quadratic;~nNodes;~nNodesmuscle_quadratic;
2026/4/9 21:38:32;cmcs09;opendihu 1.5, built Aug  7 2025, C++ 201402, GCC 12.2.0;1;0;1.7605e-05;18;0.0156446;9;0.0231705;18;0.0239805;1836;0.0284919;101;0.000500859;101;0.0962928;204;0.000173712;12;3.19e-06;2;0.027678;101;0.00105523;204;1.5071e-05;10;0.164169;204;0.000275547;13;6.636e-06;3;0.0880501;103;0.263846;204;4.061e-06;1;1.578e-06;18;0.00113536;18;0.393265;543;0.264767;204;0.127879;102;0.216747;20002;0.0230345;9999;31.7888;202;0.363832;101;31.9679;101;27.432;100;0.0560256;101;0.018086;101;0.389683;1;0.378894;1;lu;preonly;10.000000;none;cg;0.0005;0.001;0.1;0.001;10;normal;;lu;preonly;664666112;4096;226533376;983482368;9;default;33.66;30;275;29;20;30;275;
# timestamp;hostname;version;nRanks;rankNo;durationAssembleBoundaryConditions;n;durationComputeMappingBetweenMeshes;n;durationInitCellml;n;durationMap;n;durationMapFinalize;n;durationMapPrepare;n;durationParaview1D;n;durationParaview1DInit;n;durationParaview1DReduction;n;durationParaview1DWrite;n;durationParaview2D;n;durationParaview2D3DInit;n;durationParaview3D;n;durationParaview3DInit;n;durationParaview3DReduction;n;durationParaview3DWrite;n;durationParaviewOutput;n;durationReadGeometry;n;durationSetRightHandSide;n;durationSetStiffnessMatrix;n;durationWriteOutput;n;durationWriteOutputParaview;n;durationWriteOutputPythonCallback;n;duration_0D;n;duration_1D;n;duration_3D;n;duration_3D_advanceTimeSpan1;n;duration_3D_advanceTimeSpan2;n;duration_3D_durationSolve;n;duration_3D_transfer12;n;duration_3D_transfer21;n;duration_mechanics;n;duration_mechanics_durationSolve;n;anonymous0_preconditionerType;anonymous0_solverType;currentSimulationTime;diffusionSolver_preconditionerType;diffusionSolver_solverType;dt_0D;dt_1D;dt_3D;dt_splitting;endTime;exit;exit_signal;mechanicsSolver_preconditionerType;mechanicsSolver_solverType;memoryData;memoryPage;memoryResidentSet;memoryVirtual;nInstancesComputedGlobally;scenarioName;totalUsertime;~nDofs;~nDofsmuscle_quadratic;~nElements;~nElementsmuscle_quadratic;~nNodes;~nNodesmuscle_quadratic;
2026/4/9 21:39:11;cmcs09;opendihu 1.5, built Aug  7 2025, C++ 201402, GCC 12.2.0;1;0;1.9671e-05;18;0.0155298;9;0.0232749;18;0.0235634;1836;0.0280936;101;0.000494592;101;0.096735;204;0.000174495;12;3.246e-06;2;0.028055;101;0.00105054;204;1.4517e-05;10;0.162708;204;0.000276081;13;8.011e-06;3;0.0862245;103;0.262833;204;3.307e-06;1;2.092e-06;18;0.00115688;18;0.390737;543;0.263776;204;0.126321;102;0.212972;20002;0.022526;9999;31.833;202;0.359595;101;32.0104;101;27.4662;100;0.0554266;101;0.0174091;101;0.384319;1;0.37353;1;lu;preonly;10.000000;none;cg;0.0005;0.001;0.1;0.001;10;normal;;lu;preonly;664608768;4096;228519936;983425024;9;default;33.67;30;275;29;20;30;275;
# timestamp;hostname;version;nRanks;rankNo;durationAssembleBoundaryConditions;n;durationComputeMappingBetweenMeshes;n;durationInitCellml;n;durationMap;n;durationMapFinalize;n;durationMapPrepare;n;durationParaview1D;n;durationParaview1DInit;n;durationParaview1DReduction;n;durationParaview1DWrite;n;durationParaview2D;n;durationParaview2D3DInit;n;durationParaview3D;n;durationParaview3DInit;n;durationParaview3DReduction;n;durationParaview3DWrite;n;durationParaviewOutput;n;durationReadGeometry;n;durationSetRightHandSide;n;durationSetStiffnessMatrix;n;durationWriteOutput;n;durationWriteOutputParaview;n;durationWriteOutputPythonCallback;n;duration_0D;n;duration_1D;n;duration_3D;n;duration_3D_advanceTimeSpan1;n;duration_3D_advanceTimeSpan2;n;duration_3D_durationSolve;n;duration_3D_transfer12;n;duration_3D_transfer21;n;duration_mechanics;n;duration_mechanics_durationSolve;n;anonymous0_preconditionerType;anonymous0_solverType;currentSimulationTime;diffusionSolver_preconditionerType;diffusionSolver_solverType;dt_0D;dt_1D;dt_3D;dt_splitting;endTime;exit;exit_signal;mechanicsSolver_preconditionerType;mechanicsSolver_solverType;memoryData;memoryPage;memoryResidentSet;memoryVirtual;nInstancesComputedGlobally;scenarioName;totalUsertime;~nDofs;~nDofsmuscle_quadratic;~nElements;~nElementsmuscle_quadratic;~nNodes;~nNodesmuscle_quadratic;
2026/4/9 21:39:51;cmcs09;opendihu 1.5, built Aug  7 2025, C++ 201402, GCC 12.2.0;1;0;1.7157e-05;18;0.0153868;9;0.0233833;18;0.0238741;1836;0.0278695;101;0.000503868;101;0.115847;204;0.000173575;12;3.149e-06;2;0.0279188;101;0.00106181;204;1.4296e-05;10;0.160959;204;0.000284322;13;7.09e-06;3;0.0862043;103;0.280196;204;3.794e-06;1;2.026e-06;18;0.00112558;18;0.406322;543;0.281115;204;0.124583;102;0.217151;20002;0.0227296;9999;32.0687;202;0.383007;101;32.2435;101;27.7345;100;0.0553128;101;0.0177396;101;0.389725;1;0.37888;1;lu;preonly;10.000000;none;cg;0.0005;0.001;0.1;0.001;10;normal;;lu;preonly;664674304;4096;226492416;983490560;9;default;33.94;30;275;29;20;30;275;
# timestamp;hostname;version;nRanks;rankNo;durationAssembleBoundaryConditions;n;durationComputeMappingBetweenMeshes;n;durationInitCellml;n;durationMap;n;durationMapFinalize;n;durationMapPrepare;n;durationParaview1D;n;durationParaview1DInit;n;durationParaview1DReduction;n;durationParaview1DWrite;n;durationParaview2D;n;durationParaview2D3DInit;n;durationParaview3D;n;durationParaview3DInit;n;durationParaview3DReduction;n;durationParaview3DWrite;n;durationParaviewOutput;n;durationReadGeometry;n;durationSetRightHandSide;n;durationSetStiffnessMatrix;n;durationWriteOutput;n;durationWriteOutputParaview;n;durationWriteOutputPythonCallback;n;duration_0D;n;duration_1D;n;duration_3D;n;duration_3D_advanceTimeSpan1;n;duration_3D_advanceTimeSpan2;n;duration_3D_durationSolve;n;duration_3D_transfer12;n;duration_3D_transfer21;n;duration_mechanics;n;duration_mechanics_durationSolve;n;anonymous0_preconditionerType;anonymous0_solverType;currentSimulationTime;diffusionSolver_preconditionerType;diffusionSolver_solverType;dt_0D;dt_1D;dt_3D;dt_splitting;endTime;exit;exit_signal;mechanicsSolver_preconditionerType;mechanicsSolver_solverType;memoryData;memoryPage;memoryResidentSet;memoryVirtual;nInstancesComputedGlobally;scenarioName;totalUsertime;~nDofs;~nDofsmuscle_quadratic;~nElements;~nElementsmuscle_quadratic;~nNodes;~nNodesmuscle_quadratic;
2026/4/9 21:40:29;cmcs09;opendihu 1.5, built Aug  7 2025, C++ 201402, GCC 12.2.0;1;0;1.6826e-05;18;0.0155771;9;0.0231315;18;0.0242946;1836;0.0288474;101;0.000502482;101;0.0974861;204;0.000178182;12;3.458e-06;2;0.0282918;101;0.00106228;204;1.4148e-05;10;0.165366;204;0.000273213;13;6.89e-06;3;0.0883951;103;0.266253;204;3.506e-06;1;1.677e-06;18;0.00119355;18;0.392692;543;0.267183;204;0.124895;102;0.216433;20002;0.0229342;9999;31.3884;202;0.364421;101;31.5693;101;27.4293;100;0.0565584;101;0.0180701;101;0.0148977;1;0.00418234;1;lu;preonly;10.000000;none;cg;0.0005;0.001;0.1;0.001;10;normal;;lu;preonly;662466560;4096;226627584;981282816;9;default;33.16;30;275;29;20;30;275;
# timestamp;hostname;version;nRanks;rankNo;durationAssembleBoundaryConditions;n;durationComputeMappingBetweenMeshes;n;durationInitCellml;n;durationMap;n;durationMapFinalize;n;durationMapPrepare;n;durationParaview1D;n;durationParaview1DInit;n;durationParaview1DReduction;n;durationParaview1DWrite;n;durationParaview2D;n;durationParaview2D3DInit;n;durationParaview3D;n;durationParaview3DInit;n;durationParaview3DReduction;n;durationParaview3DWrite;n;durationParaviewOutput;n;durationReadGeometry;n;durationSetRightHandSide;n;durationSetStiffnessMatrix;n;durationWriteOutput;n;durationWriteOutputParaview;n;durationWriteOutputPythonCallback;n;duration_0D;n;duration_1D;n;duration_3D;n;duration_3D_advanceTimeSpan1;n;duration_3D_advanceTimeSpan2;n;duration_3D_durationSolve;n;duration_3D_transfer12;n;duration_3D_transfer21;n;duration_mechanics;n;duration_mechanics_durationSolve;n;anonymous0_preconditionerType;anonymous0_solverType;currentSimulationTime;diffusionSolver_preconditionerType;diffusionSolver_solverType;dt_0D;dt_1D;dt_3D;dt_splitting;endTime;exit;exit_signal;mechanicsSolver_preconditionerType;mechanicsSolver_solverType;memoryData;memoryPage;memoryResidentSet;memoryVirtual;nInstancesComputedGlobally;scenarioName;totalUsertime;~nDofs;~nDofsmuscle_quadratic;~nElements;~nElementsmuscle_quadratic;~nNodes;~nNodesmuscle_quadratic;
2026/4/9 21:41:08;cmcs09;opendihu 1.5, built Aug  7 2025, C++ 201402, GCC 12.2.0;1;0;1.8939e-05;18;0.015528;9;0.0248476;18;0.024007;1836;0.028091;101;0.000499417;101;0.0971007;204;0.000187163;12;3.121e-06;2;0.0278784;101;0.00105476;204;1.4994e-05;10;0.16299;204;0.000276101;13;6.529e-06;3;0.0871544;103;0.263461;204;3.32e-06;1;2.072e-06;18;0.00114682;18;0.391557;543;0.264389;204;0.126546;102;0.218111;20002;0.0231468;9999;31.4152;202;0.366328;101;31.5922;101;27.4485;100;0.0554797;101;0.0180629;101;0.0149393;1;0.00418101;1;lu;preonly;10.000000;none;cg;0.0005;0.001;0.1;0.001;10;normal;;lu;preonly;662532096;4096;224444416;981348352;9;default;33.34;30;275;29;20;30;275;
# timestamp;hostname;version;nRanks;rankNo;durationAssembleBoundaryConditions;n;durationComputeMappingBetweenMeshes;n;durationInitCellml;n;durationMap;n;durationMapFinalize;n;durationMapPrepare;n;durationParaview1D;n;durationParaview1DInit;n;durationParaview1DReduction;n;durationParaview1DWrite;n;durationParaview2D;n;durationParaview2D3DInit;n;durationParaview3D;n;durationParaview3DInit;n;durationParaview3DReduction;n;durationParaview3DWrite;n;durationParaviewOutput;n;durationReadGeometry;n;durationSetRightHandSide;n;durationSetStiffnessMatrix;n;durationWriteOutput;n;durationWriteOutputParaview;n;durationWriteOutputPythonCallback;n;duration_0D;n;duration_1D;n;duration_3D;n;duration_3D_advanceTimeSpan1;n;duration_3D_advanceTimeSpan2;n;duration_3D_durationSolve;n;duration_3D_transfer12;n;duration_3D_transfer21;n;duration_mechanics;n;duration_mechanics_durationSolve;n;anonymous0_preconditionerType;anonymous0_solverType;currentSimulationTime;diffusionSolver_preconditionerType;diffusionSolver_solverType;dt_0D;dt_1D;dt_3D;dt_splitting;endTime;exit;exit_signal;mechanicsSolver_preconditionerType;mechanicsSolver_solverType;memoryData;memoryPage;memoryResidentSet;memoryVirtual;nInstancesComputedGlobally;scenarioName;totalUsertime;~nDofs;~nDofsmuscle_quadratic;~nElements;~nElementsmuscle_quadratic;~nNodes;~nNodesmuscle_quadratic;
2026/4/9 21:41:47;cmcs09;opendihu 1.5, built Aug  7 2025, C++ 201402, GCC 12.2.0;1;0;1.7786e-05;18;0.0153982;9;0.0231886;18;0.0239389;1836;0.0283256;101;0.000499142;101;0.0970518;204;0.000165506;12;2.95e-06;2;0.0280021;101;0.00105567;204;1.4483e-05;10;0.184427;204;0.000271767;13;5.833e-06;3;0.0882194;103;0.284856;204;3.333e-06;1;1.834e-06;18;0.00112966;18;0.412302;543;0.285778;204;0.12589;102;0.216736;20002;0.0228783;9999;31.3172;202;0.3641;101;31.5162;101;27.3704;100;0.0556272;101;0.0179208;101;0.0150979;1;0.0042738;1;lu;preonly;10.000000;none;cg;0.0005;0.001;0.1;0.001;10;normal;;lu;preonly;662528000;4096;226488320;981344256;9;default;33.23;30;275;29;20;30;275;
# timestamp;hostname;version;nRanks;rankNo;durationAssembleBoundaryConditions;n;durationComputeMappingBetweenMeshes;n;durationInitCellml;n;durationMap;n;durationMapFinalize;n;durationMapPrepare;n;durationParaview1D;n;durationParaview1DInit;n;durationParaview1DReduction;n;durationParaview1DWrite;n;durationParaview2D;n;durationParaview2D3DInit;n;durationParaview3D;n;durationParaview3DInit;n;durationParaview3DReduction;n;durationParaview3DWrite;n;durationParaviewOutput;n;durationReadGeometry;n;durationSetRightHandSide;n;durationSetStiffnessMatrix;n;durationWriteOutput;n;durationWriteOutputParaview;n;durationWriteOutputPythonCallback;n;duration_0D;n;duration_1D;n;duration_3D;n;duration_3D_advanceTimeSpan1;n;duration_3D_advanceTimeSpan2;n;duration_3D_durationSolve;n;duration_3D_transfer12;n;duration_3D_transfer21;n;duration_mechanics;n;duration_mechanics_durationSolve;n;anonymous0_preconditionerType;anonymous0_solverType;currentSimulationTime;diffusionSolver_preconditionerType;diffusionSolver_solverType;dt_0D;dt_1D;dt_3D;dt_splitting;endTime;exit;exit_signal;mechanicsSolver_preconditionerType;mechanicsSolver_solverType;memoryData;memoryPage;memoryResidentSet;memoryVirtual;nInstancesComputedGlobally;scenarioName;totalUsertime;~nDofs;~nDofsmuscle_quadratic;~nElements;~nElementsmuscle_quadratic;~nNodes;~nNodesmuscle_quadratic;
2026/4/10 08:23:26;cmcs09;opendihu 1.5, built Aug  7 2025, C++ 201402, GCC 12.2.0;1;0;2.0919e-05;18;0.0157721;9;0.023108;18;0.00744879;594;0.00888953;33;0.000171482;33;0.0307832;67;0.000172658;12;3.033e-06;2;0.00865881;33;0.000633437;67;1.493e-05;10;0.0511723;67;0.000278389;13;7.402e-06;3;0.0265781;34;0.0835174;67;3.4e-06;1;1.924e-06;18;0.00124108;18;0.119009;199;0.083807;67;0.0350084;33;0.0544508;6402;0.00717947;3199;8.73351;63;0.100406;33;8.77228;32;6.19356;31;0.0285445;33;0.00538887;32;1.30265;1;1.2918;1;lu;preonly;3.100000;none;cg;0.0005;0.001;0.1;0.001;200;Interrupt;2;lu;preonly;607809536;4096;169742336;926625792;9;default;10.48;30;275;29;20;30;275;
# timestamp;hostname;version;nRanks;rankNo;durationAssembleBoundaryConditions;n;durationComputeMappingBetweenMeshes;n;durationInitCellml;n;durationMap;n;durationMapFinalize;n;durationMapPrepare;n;durationParaview1D;n;durationParaview1DInit;n;durationParaview1DReduction;n;durationParaview1DWrite;n;durationParaview2D;n;durationParaview2D3DInit;n;durationParaview3D;n;durationParaview3DInit;n;durationParaview3DReduction;n;durationParaview3DWrite;n;durationParaviewOutput;n;durationReadGeometry;n;durationSetRightHandSide;n;durationSetStiffnessMatrix;n;durationWriteOutput;n;durationWriteOutputParaview;n;durationWriteOutputPythonCallback;n;duration_0D;n;duration_1D;n;duration_3D;n;duration_3D_advanceTimeSpan1;n;duration_3D_advanceTimeSpan2;n;duration_3D_durationSolve;n;duration_3D_transfer12;n;duration_3D_transfer21;n;duration_mechanics;n;duration_mechanics_durationSolve;n;anonymous0_preconditionerType;anonymous0_solverType;currentSimulationTime;diffusionSolver_preconditionerType;diffusionSolver_solverType;dt_0D;dt_1D;dt_3D;dt_splitting;endTime;exit;exit_signal;mechanicsSolver_preconditionerType;mechanicsSolver_solverType;memoryData;memoryPage;memoryResidentSet;memoryVirtual;nInstancesComputedGlobally;scenarioName;totalUsertime;~nDofs;~nDofsmuscle_quadratic;~nElements;~nElementsmuscle_quadratic;~nNodes;~nNodesmuscle_quadratic;
2026/4/10 08:37:47;cmcs09;opendihu 1.5, built Aug  7 2025, C++ 201402, GCC 12.2.0;1;0;1.982e-05;18;0.015612;9;0.0242863;18;0.468936;36036;0.562248;2001;0.00972905;2001;2.64773;4004;0.0001738;12;3.005e-06;2;0.66534;2001;0.0146227;4004;1.4753e-05;10;4.48443;4004;0.000277525;13;7.237e-06;3;2.36139;2003;7.19072;4004;3.667e-06;1;2.364e-06;18;0.00154125;18;10.2847;10043;7.20977;4004;3.06209;2002;4.90829;400002;0.455872;199999;817.013;4002;8.59085;2001;822.288;2001;737.403;2000;0.809832;2001;0.357213;2001;0.5059;1;0.495107;1;lu;preonly;200.000000;none;cg;0.0005;0.001;0.1;0.001;200;normal;;lu;preonly;2227314688;4096;1789075456;2546130944;9;default;830.22;30;275;29;20;30;275;
# timestamp;hostname;version;nRanks;rankNo;durationAssembleBoundaryConditions;n;durationComputeMappingBetweenMeshes;n;durationInitCellml;n;durationMap;n;durationMapFinalize;n;durationMapPrepare;n;durationParaview1D;n;durationParaview1DInit;n;durationParaview1DReduction;n;durationParaview1DWrite;n;durationParaview2D;n;durationParaview2D3DInit;n;durationParaview3D;n;durationParaview3DInit;n;durationParaview3DReduction;n;durationParaview3DWrite;n;durationParaviewOutput;n;durationReadGeometry;n;durationSetRightHandSide;n;durationSetStiffnessMatrix;n;durationWriteOutput;n;durationWriteOutputParaview;n;durationWriteOutputPythonCallback;n;duration_0D;n;duration_1D;n;duration_3D;n;duration_3D_advanceTimeSpan1;n;duration_3D_advanceTimeSpan2;n;duration_3D_durationSolve;n;duration_3D_transfer12;n;duration_3D_transfer21;n;duration_mechanics;n;duration_mechanics_durationSolve;n;anonymous0_preconditionerType;anonymous0_solverType;currentSimulationTime;diffusionSolver_preconditionerType;diffusionSolver_solverType;dt_0D;dt_1D;dt_3D;dt_splitting;endTime;exit;exit_signal;mechanicsSolver_preconditionerType;mechanicsSolver_solverType;memoryData;memoryPage;memoryResidentSet;memoryVirtual;nInstancesComputedGlobally;scenarioName;totalUsertime;~nDofs;~nDofsmuscle_quadratic;~nElements;~nElementsmuscle_quadratic;~nNodes;~nNodesmuscle_quadratic;
2026/4/10 08:51:39;cmcs09;opendihu 1.5, built Aug  7 2025, C++ 201402, GCC 12.2.0;1;0;1.7541e-05;18;0.0154915;9;0.0233771;18;0.46405;36036;0.562258;2001;0.00981735;2001;2.22373;4004;0.000175395;12;3.877e-06;2;0.668129;2001;0.0142366;4004;1.5395e-05;10;4.0501;4004;0.000276736;13;6.844e-06;3;2.37415;2003;6.33162;4004;3.872e-06;1;1.586e-06;18;0.00112198;18;9.44761;10043;6.35017;4004;3.08457;2002;5.00312;400002;0.457142;199999;810.681;4002;8.26183;2001;815.517;2001;730.812;2000;0.808267;2001;0.354319;2001;0.50856;1;0.497805;1;lu;preonly;200.000000;none;cg;0.0005;0.001;0.1;0.001;200;normal;;lu;preonly;2227240960;4096;1789194240;2546057216;9;default;823.94;30;275;29;20;30;275;
# timestamp;hostname;version;nRanks;rankNo;durationAssembleBoundaryConditions;n;durationComputeMappingBetweenMeshes;n;durationInitCellml;n;durationMap;n;durationMapFinalize;n;durationMapPrepare;n;durationParaview1D;n;durationParaview1DInit;n;durationParaview1DReduction;n;durationParaview1DWrite;n;durationParaview2D;n;durationParaview2D3DInit;n;durationParaview3D;n;durationParaview3DInit;n;durationParaview3DReduction;n;durationParaview3DWrite;n;durationParaviewOutput;n;durationReadGeometry;n;durationSetRightHandSide;n;durationSetStiffnessMatrix;n;durationWriteOutput;n;durationWriteOutputParaview;n;durationWriteOutputPythonCallback;n;duration_0D;n;duration_1D;n;duration_3D;n;duration_3D_advanceTimeSpan1;n;duration_3D_advanceTimeSpan2;n;duration_3D_durationSolve;n;duration_3D_transfer12;n;duration_3D_transfer21;n;duration_mechanics;n;duration_mechanics_durationSolve;n;anonymous0_preconditionerType;anonymous0_solverType;currentSimulationTime;diffusionSolver_preconditionerType;diffusionSolver_solverType;dt_0D;dt_1D;dt_3D;dt_splitting;endTime;exit;exit_signal;mechanicsSolver_preconditionerType;mechanicsSolver_solverType;memoryData;memoryPage;memoryResidentSet;memoryVirtual;nInstancesComputedGlobally;scenarioName;totalUsertime;~nDofs;~nDofsmuscle_quadratic;~nElements;~nElementsmuscle_quadratic;~nNodes;~nNodesmuscle_quadratic;
2026/4/10 09:05:38;cmcs09;opendihu 1.5, built Aug  7 2025, C++ 201402, GCC 12.2.0;1;0;1.6927e-05;18;0.0153905;9;0.0232493;18;0.464963;36036;0.560453;2001;0.00964486;2001;2.19675;4004;0.000175534;12;3.369e-06;2;0.65868;2001;0.014305;4004;1.4331e-05;10;3.95501;4004;0.000275107;13;6.654e-06;3;2.32321;2003;6.20869;4004;3.475e-06;1;2.167e-06;18;0.00112384;18;9.30536;10043;6.22714;4004;3.06595;2002;4.98265;400002;0.45595;199999;818.307;4002;8.19998;2001;823.074;2001;738.732;2000;0.80482;2001;0.351094;2001;0.507377;1;0.496558;1;lu;preonly;200.000000;none;cg;0.0005;0.001;0.1;0.001;200;normal;;lu;preonly;2227187712;4096;1789435904;2546003968;9;default;831.51;30;275;29;20;30;275;
# timestamp;hostname;version;nRanks;rankNo;durationAssembleBoundaryConditions;n;durationComputeMappingBetweenMeshes;n;durationInitCellml;n;durationMap;n;durationMapFinalize;n;durationMapPrepare;n;durationParaview1D;n;durationParaview1DInit;n;durationParaview1DReduction;n;durationParaview1DWrite;n;durationParaview2D;n;durationParaview2D3DInit;n;durationParaview3D;n;durationParaview3DInit;n;durationParaview3DReduction;n;durationParaview3DWrite;n;durationParaviewOutput;n;durationReadGeometry;n;durationSetRightHandSide;n;durationSetStiffnessMatrix;n;durationWriteOutput;n;durationWriteOutputParaview;n;durationWriteOutputPythonCallback;n;duration_0D;n;duration_1D;n;duration_3D;n;duration_3D_advanceTimeSpan1;n;duration_3D_advanceTimeSpan2;n;duration_3D_durationSolve;n;duration_3D_transfer12;n;duration_3D_transfer21;n;duration_mechanics;n;duration_mechanics_durationSolve;n;anonymous0_preconditionerType;anonymous0_solverType;currentSimulationTime;diffusionSolver_preconditionerType;diffusionSolver_solverType;dt_0D;dt_1D;dt_3D;dt_splitting;endTime;exit;exit_signal;mechanicsSolver_preconditionerType;mechanicsSolver_solverType;memoryData;memoryPage;memoryResidentSet;memoryVirtual;nInstancesComputedGlobally;scenarioName;totalUsertime;~nDofs;~nDofsmuscle_quadratic;~nElements;~nElementsmuscle_quadratic;~nNodes;~nNodesmuscle_quadratic;
2026/4/10 09:19:41;cmcs09;opendihu 1.5, built Aug  7 2025, C++ 201402, GCC 12.2.0;1;0;1.7722e-05;18;0.0154615;9;0.0275607;18;0.467551;36036;0.561126;2001;0.00940676;2001;2.22142;4004;0.000177315;12;2.959e-06;2;0.668838;2001;0.0144895;4004;1.4637e-05;10;4.21527;4004;0.000273478;13;6.461e-06;3;2.38728;2003;6.4941;4004;3.415e-06;1;1.777e-06;18;0.0011908;18;9.58905;10043;6.5125;4004;3.06371;2002;4.90859;400002;0.456152;199999;821.066;4002;8.16997;2001;826.09;2001;741.349;2000;0.807082;2001;0.355364;2001;0.507751;1;0.496947;1;lu;preonly;200.000000;none;cg;0.0005;0.001;0.1;0.001;200;normal;;lu;preonly;2227269632;4096;1788973056;2546085888;9;default;834.28;30;275;29;20;30;275;
# timestamp;hostname;version;nRanks;rankNo;durationAssembleBoundaryConditions;n;durationComputeMappingBetweenMeshes;n;durationInitCellml;n;durationMap;n;durationMapFinalize;n;durationMapPrepare;n;durationParaview1D;n;durationParaview1DInit;n;durationParaview1DReduction;n;durationParaview1DWrite;n;durationParaview2D;n;durationParaview2D3DInit;n;durationParaview3D;n;durationParaview3DInit;n;durationParaview3DReduction;n;durationParaview3DWrite;n;durationParaviewOutput;n;durationReadGeometry;n;durationSetRightHandSide;n;durationSetStiffnessMatrix;n;durationWriteOutput;n;durationWriteOutputParaview;n;durationWriteOutputPythonCallback;n;duration_0D;n;duration_1D;n;duration_3D;n;duration_3D_advanceTimeSpan1;n;duration_3D_advanceTimeSpan2;n;duration_3D_durationSolve;n;duration_3D_transfer12;n;duration_3D_transfer21;n;duration_mechanics;n;duration_mechanics_durationSolve;n;anonymous0_preconditionerType;anonymous0_solverType;currentSimulationTime;diffusionSolver_preconditionerType;diffusionSolver_solverType;dt_0D;dt_1D;dt_3D;dt_splitting;endTime;exit;exit_signal;mechanicsSolver_preconditionerType;mechanicsSolver_solverType;memoryData;memoryPage;memoryResidentSet;memoryVirtual;nInstancesComputedGlobally;scenarioName;totalUsertime;~nDofs;~nDofsmuscle_quadratic;~nElements;~nElementsmuscle_quadratic;~nNodes;~nNodesmuscle_quadratic;
2026/4/10 09:33:51;cmcs09;opendihu 1.5, built Aug  7 2025, C++ 201402, GCC 12.2.0;1;0;1.6497e-05;18;0.0155171;9;0.0238933;18;0.468673;36036;0.562867;2001;0.00931074;2001;2.39244;4004;0.000175166;12;3.055e-06;2;0.673578;2001;0.0142703;4004;1.4583e-05;10;4.17978;4004;0.000275644;13;7.226e-06;3;2.38223;2003;6.63015;4004;3.654e-06;1;1.649e-06;18;0.00116001;18;9.72905;10043;6.64862;4004;3.06784;2002;4.91996;400002;0.456984;199999;828.667;4002;8.35171;2001;833.636;2001;748.393;2000;0.808959;2001;0.358296;2001;0.509715;1;0.498977;1;lu;preonly;200.000000;none;cg;0.0005;0.001;0.1;0.001;200;normal;;lu;preonly;2227224576;4096;1789177856;2546040832;9;default;841.75;30;275;29;20;30;275;
# timestamp;hostname;version;nRanks;rankNo;durationAssembleBoundaryConditions;n;durationComputeMappingBetweenMeshes;n;durationInitCellml;n;durationMap;n;durationMapFinalize;n;durationMapPrepare;n;durationParaview1D;n;durationParaview1DInit;n;durationParaview1DReduction;n;durationParaview1DWrite;n;durationParaview2D;n;durationParaview2D3DInit;n;durationParaview3D;n;durationParaview3DInit;n;durationParaview3DReduction;n;durationParaview3DWrite;n;durationParaviewOutput;n;durationReadGeometry;n;durationSetRightHandSide;n;durationSetStiffnessMatrix;n;durationWriteOutput;n;durationWriteOutputParaview;n;durationWriteOutputPythonCallback;n;duration_0D;n;duration_1D;n;duration_3D;n;duration_3D_advanceTimeSpan1;n;duration_3D_advanceTimeSpan2;n;duration_3D_durationSolve;n;duration_3D_transfer12;n;duration_3D_transfer21;n;duration_mechanics;n;duration_mechanics_durationSolve;n;anonymous0_preconditionerType;anonymous0_solverType;currentSimulationTime;diffusionSolver_preconditionerType;diffusionSolver_solverType;dt_0D;dt_1D;dt_3D;dt_splitting;endTime;exit;exit_signal;mechanicsSolver_preconditionerType;mechanicsSolver_solverType;memoryData;memoryPage;memoryResidentSet;memoryVirtual;nInstancesComputedGlobally;scenarioName;totalUsertime;~nDofs;~nDofsmuscle_quadratic;~nElements;~nElementsmuscle_quadratic;~nNodes;~nNodesmuscle_quadratic;
2026/4/10 09:47:58;cmcs09;opendihu 1.5, built Aug  7 2025, C++ 201402, GCC 12.2.0;1;0;1.8193e-05;18;0.0154474;9;0.0233612;18;0.465251;36036;0.562591;2001;0.00960881;2001;2.17109;4004;0.000171133;12;3.206e-06;2;0.667962;2001;0.0141147;4004;1.4326e-05;10;4.12279;4004;0.000274639;13;7.041e-06;3;2.3846;2003;6.35126;4004;3.852e-06;1;1.966e-06;18;0.00113877;18;9.4366;10043;6.36952;4004;3.0547;2002;4.95975;400002;0.457059;199999;826.037;4002;8.16628;2001;830.949;2001;746.469;2000;0.80824;2001;0.357006;2001;0.50729;1;0.496466;1;lu;preonly;200.000000;none;cg;0.0005;0.001;0.1;0.001;200;normal;;lu;preonly;2227302400;4096;1789202432;2546118656;9;default;839.13;30;275;29;20;30;275;
# timestamp;hostname;version;nRanks;rankNo;durationAssembleBoundaryConditions;n;durationComputeMappingBetweenMeshes;n;durationInitCellml;n;durationMap;n;durationMapFinalize;n;durationMapPrepare;n;durationParaview1D;n;durationParaview1DInit;n;durationParaview1DReduction;n;durationParaview1DWrite;n;durationParaview2D;n;durationParaview2D3DInit;n;durationParaview3D;n;durationParaview3DInit;n;durationParaview3DReduction;n;durationParaview3DWrite;n;durationParaviewOutput;n;durationReadGeometry;n;durationSetRightHandSide;n;durationSetStiffnessMatrix;n;durationWriteOutput;n;durationWriteOutputParaview;n;durationWriteOutputPythonCallback;n;duration_0D;n;duration_1D;n;duration_3D;n;duration_3D_advanceTimeSpan1;n;duration_3D_advanceTimeSpan2;n;duration_3D_durationSolve;n;duration_3D_transfer12;n;duration_3D_transfer21;n;duration_mechanics;n;duration_mechanics_durationSolve;n;anonymous0_preconditionerType;anonymous0_solverType;currentSimulationTime;diffusionSolver_preconditionerType;diffusionSolver_solverType;dt_0D;dt_1D;dt_3D;dt_splitting;endTime;exit;exit_signal;mechanicsSolver_preconditionerType;mechanicsSolver_solverType;memoryData;memoryPage;memoryResidentSet;memoryVirtual;nInstancesComputedGlobally;scenarioName;totalUsertime;~nDofs;~nDofsmuscle_quadratic;~nElements;~nElementsmuscle_quadratic;~nNodes;~nNodesmuscle_quadratic;
2026/4/10 10:02:12;cmcs09;opendihu 1.5, built Aug  7 2025, C++ 201402, GCC 12.2.0;1;0;1.6242e-05;18;0.0154271;9;0.0231608;18;0.468356;36036;0.565736;2001;0.00982589;2001;2.30891;4004;0.000180191;12;3.219e-06;2;0.679127;2001;0.0146596;4004;1.4663e-05;10;4.29395;4004;0.000275567;13;8.498e-06;3;2.43289;2003;6.66141;4004;3.446e-06;1;2.252e-06;18;0.00115118;18;9.78214;10043;6.6802;4004;3.08894;2002;4.97399;400002;0.459084;199999;831.943;4002;8.32442;2001;837.031;2001;752.137;2000;0.812834;2001;0.35944;2001;0.505945;1;0.495133;1;lu;preonly;200.000000;none;cg;0.0005;0.001;0.1;0.001;200;normal;;lu;preonly;2227290112;4096;1789014016;2546106368;9;default;845.32;30;275;29;20;30;275;
# timestamp;hostname;version;nRanks;rankNo;durationAssembleBoundaryConditions;n;durationComputeMappingBetweenMeshes;n;durationInitCellml;n;durationMap;n;durationMapFinalize;n;durationMapPrepare;n;durationParaview1D;n;durationParaview1DInit;n;durationParaview1DReduction;n;durationParaview1DWrite;n;durationParaview2D;n;durationParaview2D3DInit;n;durationParaview3D;n;durationParaview3DInit;n;durationParaview3DReduction;n;durationParaview3DWrite;n;durationParaviewOutput;n;durationReadGeometry;n;durationSetRightHandSide;n;durationSetStiffnessMatrix;n;durationWriteOutput;n;durationWriteOutputParaview;n;durationWriteOutputPythonCallback;n;duration_0D;n;duration_1D;n;duration_3D;n;duration_3D_advanceTimeSpan1;n;duration_3D_advanceTimeSpan2;n;duration_3D_durationSolve;n;duration_3D_transfer12;n;duration_3D_transfer21;n;duration_mechanics;n;duration_mechanics_durationSolve;n;anonymous0_preconditionerType;anonymous0_solverType;currentSimulationTime;diffusionSolver_preconditionerType;diffusionSolver_solverType;dt_0D;dt_1D;dt_3D;dt_splitting;endTime;exit;exit_signal;mechanicsSolver_preconditionerType;mechanicsSolver_solverType;memoryData;memoryPage;memoryResidentSet;memoryVirtual;nInstancesComputedGlobally;scenarioName;totalUsertime;~nDofs;~nDofsmuscle_quadratic;~nElements;~nElementsmuscle_quadratic;~nNodes;~nNodesmuscle_quadratic;
2026/4/10 10:16:16;cmcs09;opendihu 1.5, built Aug  7 2025, C++ 201402, GCC 12.2.0;1;0;1.735e-05;18;0.0155063;9;0.0232257;18;0.464853;36036;0.560893;2001;0.00972152;2001;2.23282;4004;0.000178725;12;2.98e-06;2;0.669393;2001;0.0142755;4004;1.4562e-05;10;4.14407;4004;0.000274946;13;7.431e-06;3;2.41451;2003;6.4349;4004;3.335e-06;1;1.722e-06;18;0.00115049;18;9.538;10043;6.45353;4004;3.07147;2002;5.06276;400002;0.458171;199999;822.776;4002;8.32893;2001;827.724;2001;742.929;2000;0.80744;2001;0.352737;2001;0.525291;1;0.512592;1;lu;preonly;200.000000;none;cg;0.0005;0.001;0.1;0.001;200;normal;;lu;preonly;2227220480;4096;1791340544;2546036736;9;default;836.15;30;275;29;20;30;275;
