volume_cm3,aspect_ratio_a_b,muscle_extent_y_b_cm,muscle_extent_x_a_cm,top_surface_area_cm2,force_target_N,force_actual_N,stress_N_cm2
421.6,6.88,2.072881975706151,14.26142799285832,203.3883283954829,0,0.0,0.0
421.6,6.88,2.072881975706151,14.26142799285832,203.3883283954829,3,3.0,0.014750108935290447
421.6,6.88,2.072881975706151,14.26142799285832,203.3883283954829,6,6.0,0.029500217870580894
421.6,6.88,2.072881975706151,14.26142799285832,203.3883283954829,9,9.0,0.04425032680587134
421.6,6.88,2.072881975706151,14.26142799285832,203.3883283954829,12,12.0,0.05900043574116179
421.6,6.88,2.072881975706151,14.26142799285832,203.3883283954829,15,15.0,0.07375054467645224
421.6,6.88,2.072881975706151,14.26142799285832,203.3883283954829,18,18.0,0.08850065361174268
421.6,6.88,2.072881975706151,14.26142799285832,203.3883283954829,21,21.0,0.10325076254703314
421.6,6.88,2.072881975706151,14.26142799285832,203.3883283954829,24,24.0,0.11800087148232358
421.6,6.88,2.072881975706151,14.26142799285832,203.3883283954829,27,27.0,0.13275098041761402
421.6,6.88,2.072881975706151,14.26142799285832,203.3883283954829,30,30.0,0.14750108935290449
421.6,6.88,2.072881975706151,14.26142799285832,203.3883283954829,33,33.0,0.16225119828819493
421.6,6.88,2.072881975706151,14.26142799285832,203.3883283954829,36,36.0,0.17700130722348537
421.6,6.88,2.072881975706151,14.26142799285832,203.3883283954829,39,39.0,0.1917514161587758
421.6,6.88,2.072881975706151,14.26142799285832,203.3883283954829,42,42.0,0.20650152509406627
421.6,6.88,2.072881975706151,14.26142799285832,203.3883283954829,45,45.0,0.22125163402935671
421.6,7.953333333333333,1.8819182086360011,14.967522819351663,224.02673934781274,0,0.0,0.0
421.6,7.953333333333333,1.8819182086360011,14.967522819351663,224.02673934781274,3,3.3044188097981566,0.014750108935290447
421.6,7.953333333333333,1.8819182086360011,14.967522819351663,224.02673934781274,6,6.608837619596313,0.029500217870580894
421.6,7.953333333333333,1.8819182086360011,14.967522819351663,224.02673934781274,9,9.91325642939447,0.04425032680587135
421.6,7.953333333333333,1.8819182086360011,14.967522819351663,224.02673934781274,12,13.217675239192626,0.05900043574116179
421.6,7.953333333333333,1.8819182086360011,14.967522819351663,224.02673934781274,15,16.522094048990784,0.07375054467645224
421.6,7.953333333333333,1.8819182086360011,14.967522819351663,224.02673934781274,18,19.82651285878894,0.0885006536117427
421.6,7.953333333333333,1.8819182086360011,14.967522819351663,224.02673934781274,21,23.1309316685871,0.10325076254703314
421.6,7.953333333333333,1.8819182086360011,14.967522819351663,224.02673934781274,24,26.435350478385253,0.11800087148232358
421.6,7.953333333333333,1.8819182086360011,14.967522819351663,224.02673934781274,27,29.73976928818341,0.13275098041761402
421.6,7.953333333333333,1.8819182086360011,14.967522819351663,224.02673934781274,30,33.04418809798157,0.14750108935290449
421.6,7.953333333333333,1.8819182086360011,14.967522819351663,224.02673934781274,33,36.348606907779725,0.16225119828819493
421.6,7.953333333333333,1.8819182086360011,14.967522819351663,224.02673934781274,36,39.65302571757788,0.1770013072234854
421.6,7.953333333333333,1.8819182086360011,14.967522819351663,224.02673934781274,39,42.95744452737604,0.19175141615877583
421.6,7.953333333333333,1.8819182086360011,14.967522819351663,224.02673934781274,42,46.2618633371742,0.20650152509406627
421.6,7.953333333333333,1.8819182086360011,14.967522819351663,224.02673934781274,45,49.566282146972355,0.22125163402935674
421.6,9.026666666666667,1.7296116314646646,15.61262766002104,243.75414245045405,0,0.0,0.0
421.6,9.026666666666667,1.7296116314646646,15.61262766002104,243.75414245045405,3,3.595400154572503,0.014750108935290447
421.6,9.026666666666667,1.7296116314646646,15.61262766002104,243.75414245045405,6,7.190800309145006,0.029500217870580894
421.6,9.026666666666667,1.7296116314646646,15.61262766002104,243.75414245045405,9,10.78620046371751,0.04425032680587135
421.6,9.026666666666667,1.7296116314646646,15.61262766002104,243.75414245045405,12,14.381600618290012,0.05900043574116179
421.6,9.026666666666667,1.7296116314646646,15.61262766002104,243.75414245045405,15,17.977000772862517,0.07375054467645224
421.6,9.026666666666667,1.7296116314646646,15.61262766002104,243.75414245045405,18,21.57240092743502,0.0885006536117427
421.6,9.026666666666667,1.7296116314646646,15.61262766002104,243.75414245045405,21,25.16780108200752,0.10325076254703314
421.6,9.026666666666667,1.7296116314646646,15.61262766002104,243.75414245045405,24,28.763201236580024,0.11800087148232358
421.6,9.026666666666667,1.7296116314646646,15.61262766002104,243.75414245045405,27,32.358601391152526,0.13275098041761402
421.6,9.026666666666667,1.7296116314646646,15.61262766002104,243.75414245045405,30,35.954001545725035,0.14750108935290449
421.6,9.026666666666667,1.7296116314646646,15.61262766002104,243.75414245045405,33,39.54940170029754,0.16225119828819495
421.6,9.026666666666667,1.7296116314646646,15.61262766002104,243.75414245045405,36,43.14480185487004,0.1770013072234854
421.6,9.026666666666667,1.7296116314646646,15.61262766002104,243.75414245045405,39,46.74020200944254,0.19175141615877583
421.6,9.026666666666667,1.7296116314646646,15.61262766002104,243.75414245045405,42,50.33560216401504,0.20650152509406627
421.6,9.026666666666667,1.7296116314646646,15.61262766002104,243.75414245045405,45,53.931002318587545,0.22125163402935671
421.6,10.1,1.6047939739103496,16.20841913649453,262.7128509042821,0,0.0,0.0
421.6,10.1,1.6047939739103496,16.20841913649453,262.7128509042821,3,3.8750431695388787,0.014750108935290447
421.6,10.1,1.6047939739103496,16.20841913649453,262.7128509042821,6,7.7500863390777575,0.029500217870580894
421.6,10.1,1.6047939739103496,16.20841913649453,262.7128509042821,9,11.625129508616636,0.04425032680587134
421.6,10.1,1.6047939739103496,16.20841913649453,262.7128509042821,12,15.500172678155515,0.05900043574116179
421.6,10.1,1.6047939739103496,16.20841913649453,262.7128509042821,15,19.375215847694392,0.07375054467645223
421.6,10.1,1.6047939739103496,16.20841913649453,262.7128509042821,18,23.250259017233272,0.08850065361174268
421.6,10.1,1.6047939739103496,16.20841913649453,262.7128509042821,21,27.12530218677215,0.10325076254703312
421.6,10.1,1.6047939739103496,16.20841913649453,262.7128509042821,24,31.00034535631103,0.11800087148232358
421.6,10.1,1.6047939739103496,16.20841913649453,262.7128509042821,27,34.87538852584991,0.13275098041761402
421.6,10.1,1.6047939739103496,16.20841913649453,262.7128509042821,30,38.750431695388784,0.14750108935290446
421.6,10.1,1.6047939739103496,16.20841913649453,262.7128509042821,33,42.62547486492766,0.1622511982881949
421.6,10.1,1.6047939739103496,16.20841913649453,262.7128509042821,36,46.500518034466545,0.17700130722348537
421.6,10.1,1.6047939739103496,16.20841913649453,262.7128509042821,39,50.37556120400542,0.1917514161587758
421.6,10.1,1.6047939739103496,16.20841913649453,262.7128509042821,42,54.2506043735443,0.20650152509406625
421.6,10.1,1.6047939739103496,16.20841913649453,262.7128509042821,45,58.125647543083176,0.2212516340293567
455.9,6.88,2.127637184865885,14.638143831877287,214.27525484272704,0,0.0,0.0
455.9,6.88,2.127637184865885,14.638143831877287,214.27525484272704,3,3.160583351067346,0.014750108935290447
455.9,6.88,2.127637184865885,14.638143831877287,214.27525484272704,6,6.321166702134692,0.029500217870580894
455.9,6.88,2.127637184865885,14.638143831877287,214.27525484272704,9,9.481750053202038,0.04425032680587135
455.9,6.88,2.127637184865885,14.638143831877287,214.27525484272704,12,12.642333404269383,0.05900043574116179
455.9,6.88,2.127637184865885,14.638143831877287,214.27525484272704,15,15.802916755336728,0.07375054467645223
455.9,6.88,2.127637184865885,14.638143831877287,214.27525484272704,18,18.963500106404076,0.0885006536117427
455.9,6.88,2.127637184865885,14.638143831877287,214.27525484272704,21,22.12408345747142,0.10325076254703314
455.9,6.88,2.127637184865885,14.638143831877287,214.27525484272704,24,25.284666808538766,0.11800087148232358
455.9,6.88,2.127637184865885,14.638143831877287,214.27525484272704,27,28.44525015960611,0.13275098041761402
455.9,6.88,2.127637184865885,14.638143831877287,214.27525484272704,30,31.605833510673456,0.14750108935290446
455.9,6.88,2.127637184865885,14.638143831877287,214.27525484272704,33,34.7664168617408,0.1622511982881949
455.9,6.88,2.127637184865885,14.638143831877287,214.27525484272704,36,37.92700021280815,0.1770013072234854
455.9,6.88,2.127637184865885,14.638143831877287,214.27525484272704,39,41.0875835638755,0.19175141615877583
455.9,6.88,2.127637184865885,14.638143831877287,214.27525484272704,42,44.24816691494284,0.20650152509406627
455.9,6.88,2.127637184865885,14.638143831877287,214.27525484272704,45,47.40875026601019,0.22125163402935671
455.9,7.953333333333333,1.931629106961639,15.362890164034901,236.01839419220033,0,0.0,0.0
455.9,7.953333333333333,1.931629106961639,15.362890164034901,236.01839419220033,3,3.4812970250672777,0.014750108935290449
455.9,7.953333333333333,1.931629106961639,15.362890164034901,236.01839419220033,6,6.962594050134555,0.029500217870580898
455.9,7.953333333333333,1.931629106961639,15.362890164034901,236.01839419220033,9,10.443891075201833,0.04425032680587135
455.9,7.953333333333333,1.931629106961639,15.362890164034901,236.01839419220033,12,13.92518810026911,0.059000435741161796
455.9,7.953333333333333,1.931629106961639,15.362890164034901,236.01839419220033,15,17.40648512533639,0.07375054467645224
455.9,7.953333333333333,1.931629106961639,15.362890164034901,236.01839419220033,18,20.887782150403666,0.0885006536117427
455.9,7.953333333333333,1.931629106961639,15.362890164034901,236.01839419220033,21,24.369079175470944,0.10325076254703315
455.9,7.953333333333333,1.931629106961639,15.362890164034901,236.01839419220033,24,27.85037620053822,0.11800087148232359
455.9,7.953333333333333,1.931629106961639,15.362890164034901,236.01839419220033,27,31.331673225605496,0.13275098041761402
455.9,7.953333333333333,1.931629106961639,15.362890164034901,236.01839419220033,30,34.81297025067278,0.14750108935290449
455.9,7.953333333333333,1.931629106961639,15.362890164034901,236.01839419220033,33,38.294267275740054,0.16225119828819495
455.9,7.953333333333333,1.931629106961639,15.362890164034901,236.01839419220033,36,41.77556430080733,0.1770013072234854
455.9,7.953333333333333,1.931629106961639,15.362890164034901,236.01839419220033,39,45.25686132587461,0.19175141615877583
455.9,7.953333333333333,1.931629106961639,15.362890164034901,236.01839419220033,42,48.73815835094189,0.2065015250940663
455.9,7.953333333333333,1.931629106961639,15.362890164034901,236.01839419220033,45,52.219455376009165,0.22125163402935674
455.9,9.026666666666667,1.7752993492198896,16.025035458958204,256.8017614608678,0,0.0,0.0
455.9,9.026666666666667,1.7752993492198896,16.025035458958204,256.8017614608678,3,3.787853956322272,0.014750108935290447
455.9,9.026666666666667,1.7752993492198896,16.025035458958204,256.8017614608678,6,7.575707912644544,0.029500217870580894
455.9,9.026666666666667,1.7752993492198896,16.025035458958204,256.8017614608678,9,11.363561868966816,0.04425032680587134
455.9,9.026666666666667,1.7752993492198896,16.025035458958204,256.8017614608678,12,15.151415825289089,0.05900043574116179
455.9,9.026666666666667,1.7752993492198896,16.025035458958204,256.8017614608678,15,18.939269781611358,0.07375054467645223
455.9,9.026666666666667,1.7752993492198896,16.025035458958204,256.8017614608678,18,22.72712373793363,0.08850065361174268
455.9,9.026666666666667,1.7752993492198896,16.025035458958204,256.8017614608678,21,26.514977694255904,0.10325076254703314
455.9,9.026666666666667,1.7752993492198896,16.025035458958204,256.8017614608678,24,30.302831650578177,0.11800087148232358
455.9,9.026666666666667,1.7752993492198896,16.025035458958204,256.8017614608678,27,34.09068560690045,0.13275098041761405
455.9,9.026666666666667,1.7752993492198896,16.025035458958204,256.8017614608678,30,37.878539563222716,0.14750108935290446
455.9,9.026666666666667,1.7752993492198896,16.025035458958204,256.8017614608678,33,41.66639351954499,0.1622511982881949
455.9,9.026666666666667,1.7752993492198896,16.025035458958204,256.8017614608678,36,45.45424747586726,0.17700130722348537
455.9,9.026666666666667,1.7752993492198896,16.025035458958204,256.8017614608678,39,49.242101432189536,0.1917514161587758
455.9,9.026666666666667,1.7752993492198896,16.025035458958204,256.8017614608678,42,53.02995538851181,0.20650152509406627
455.9,9.026666666666667,1.7752993492198896,16.025035458958204,256.8017614608678,45,56.81780934483408,0.22125163402935671
455.9,10.1,1.6471846313281735,16.636564776414552,276.77528755983735,0,0.0,0.0
455.9,10.1,1.6471846313281735,16.636564776414552,276.77528755983735,3,4.08246564210394,0.014750108935290447
455.9,10.1,1.6471846313281735,16.636564776414552,276.77528755983735,6,8.16493128420788,0.029500217870580894
455.9,10.1,1.6471846313281735,16.636564776414552,276.77528755983735,9,12.247396926311819,0.044250326805871334
455.9,10.1,1.6471846313281735,16.636564776414552,276.77528755983735,12,16.32986256841576,0.05900043574116179
455.9,10.1,1.6471846313281735,16.636564776414552,276.77528755983735,15,20.4123282105197,0.07375054467645224
455.9,10.1,1.6471846313281735,16.636564776414552,276.77528755983735,18,24.494793852623637,0.08850065361174267
455.9,10.1,1.6471846313281735,16.636564776414552,276.77528755983735,21,28.577259494727578,0.10325076254703312
455.9,10.1,1.6471846313281735,16.636564776414552,276.77528755983735,24,32.65972513683152,0.11800087148232358
455.9,10.1,1.6471846313281735,16.636564776414552,276.77528755983735,27,36.74219077893546,0.13275098041761402
455.9,10.1,1.6471846313281735,16.636564776414552,276.77528755983735,30,40.8246564210394,0.14750108935290449
455.9,10.1,1.6471846313281735,16.636564776414552,276.77528755983735,33,44.90712206314334,0.16225119828819493
455.9,10.1,1.6471846313281735,16.636564776414552,276.77528755983735,36,48.989587705247274,0.17700130722348534
455.9,10.1,1.6471846313281735,16.636564776414552,276.77528755983735,39,53.072053347351215,0.1917514161587758
455.9,10.1,1.6471846313281735,16.636564776414552,276.77528755983735,42,57.154518989455156,0.20650152509406625
455.9,10.1,1.6471846313281735,16.636564776414552,276.77528755983735,45,61.236984631559096,0.22125163402935671
573.5,6.88,2.296777095815775,15.801826419212532,249.69771818292313,0,0.0,0.0
573.5,6.88,2.296777095815775,15.801826419212532,249.69771818292313,3,3.6830685440915705,0.014750108935290447
573.5,6.88,2.296777095815775,15.801826419212532,249.69771818292313,6,7.366137088183141,0.029500217870580894
573.5,6.88,2.296777095815775,15.801826419212532,249.69771818292313,9,11.049205632274711,0.04425032680587134
573.5,6.88,2.296777095815775,15.801826419212532,249.69771818292313,12,14.732274176366282,0.05900043574116179
573.5,6.88,2.296777095815775,15.801826419212532,249.69771818292313,15,18.415342720457854,0.07375054467645224
573.5,6.88,2.296777095815775,15.801826419212532,249.69771818292313,18,22.098411264549423,0.08850065361174268
573.5,6.88,2.296777095815775,15.801826419212532,249.69771818292313,21,25.781479808640995,0.10325076254703314
573.5,6.88,2.296777095815775,15.801826419212532,249.69771818292313,24,29.464548352732564,0.11800087148232358
573.5,6.88,2.296777095815775,15.801826419212532,249.69771818292313,27,33.14761689682414,0.13275098041761405
573.5,6.88,2.296777095815775,15.801826419212532,249.69771818292313,30,36.83068544091571,0.14750108935290449
573.5,6.88,2.296777095815775,15.801826419212532,249.69771818292313,33,40.51375398500728,0.16225119828819493
573.5,6.88,2.296777095815775,15.801826419212532,249.69771818292313,36,44.196822529098846,0.17700130722348537
573.5,6.88,2.296777095815775,15.801826419212532,249.69771818292313,39,47.87989107319042,0.19175141615877583
573.5,6.88,2.296777095815775,15.801826419212532,249.69771818292313,42,51.56295961728199,0.20650152509406627
573.5,6.88,2.296777095815775,15.801826419212532,249.69771818292313,45,55.24602816137356,0.22125163402935671
573.5,7.953333333333333,2.0851870431848214,16.584187616796612,275.0352789091101,0,0.0,0.0
573.5,7.953333333333333,2.0851870431848214,16.584187616796612,275.0352789091101,3,4.056800324957365,0.014750108935290447
573.5,7.953333333333333,2.0851870431848214,16.584187616796612,275.0352789091101,6,8.11360064991473,0.029500217870580894
573.5,7.953333333333333,2.0851870431848214,16.584187616796612,275.0352789091101,9,12.170400974872095,0.04425032680587134
573.5,7.953333333333333,2.0851870431848214,16.584187616796612,275.0352789091101,12,16.22720129982946,0.05900043574116179
573.5,7.953333333333333,2.0851870431848214,16.584187616796612,275.0352789091101,15,20.284001624786825,0.07375054467645223
573.5,7.953333333333333,2.0851870431848214,16.584187616796612,275.0352789091101,18,24.34080194974419,0.08850065361174268
573.5,7.953333333333333,2.0851870431848214,16.584187616796612,275.0352789091101,21,28.397602274701555,0.10325076254703312
573.5,7.953333333333333,2.0851870431848214,16.584187616796612,275.0352789091101,24,32.45440259965892,0.11800087148232358
573.5,7.953333333333333,2.0851870431848214,16.584187616796612,275.0352789091101,27,36.511202924616285,0.13275098041761402
573.5,7.953333333333333,2.0851870431848214,16.584187616796612,275.0352789091101,30,40.56800324957365,0.14750108935290446
573.5,7.953333333333333,2.0851870431848214,16.584187616796612,275.0352789091101,33,44.624803574531015,0.1622511982881949
573.5,7.953333333333333,2.0851870431848214,16.584187616796612,275.0352789091101,36,48.68160389948838,0.17700130722348537
573.5,7.953333333333333,2.0851870431848214,16.584187616796612,275.0352789091101,39,52.738404224445745,0.1917514161587758
573.5,7.953333333333333,2.0851870431848214,16.584187616796612,275.0352789091101,42,56.79520454940311,0.20650152509406625
573.5,7.953333333333333,2.0851870431848214,16.584187616796612,275.0352789091101,45,60.852004874360475,0.2212516340293567
573.5,9.026666666666667,1.9164296020526241,17.298971207861687,299.25440485042765,0,0.0,0.0
573.5,9.026666666666667,1.9164296020526241,17.298971207861687,299.25440485042765,3,4.414035070909318,0.014750108935290447
573.5,9.026666666666667,1.9164296020526241,17.298971207861687,299.25440485042765,6,8.828070141818635,0.029500217870580894
573.5,9.026666666666667,1.9164296020526241,17.298971207861687,299.25440485042765,9,13.242105212727955,0.04425032680587135
573.5,9.026666666666667,1.9164296020526241,17.298971207861687,299.25440485042765,12,17.65614028363727,0.05900043574116179
573.5,9.026666666666667,1.9164296020526241,17.298971207861687,299.25440485042765,15,22.070175354546592,0.07375054467645224
573.5,9.026666666666667,1.9164296020526241,17.298971207861687,299.25440485042765,18,26.48421042545591,0.0885006536117427
573.5,9.026666666666667,1.9164296020526241,17.298971207861687,299.25440485042765,21,30.898245496365227,0.10325076254703314
573.5,9.026666666666667,1.9164296020526241,17.298971207861687,299.25440485042765,24,35.31228056727454,0.11800087148232358
573.5,9.026666666666667,1.9164296020526241,17.298971207861687,299.25440485042765,27,39.72631563818386,0.13275098041761405
573.5,9.026666666666667,1.9164296020526241,17.298971207861687,299.25440485042765,30,44.140350709093184,0.14750108935290449
573.5,9.026666666666667,1.9164296020526241,17.298971207861687,299.25440485042765,33,48.5543857800025,0.16225119828819493
573.5,9.026666666666667,1.9164296020526241,17.298971207861687,299.25440485042765,36,52.96842085091182,0.1770013072234854
573.5,9.026666666666667,1.9164296020526241,17.298971207861687,299.25440485042765,39,57.38245592182113,0.19175141615877583
573.5,9.026666666666667,1.9164296020526241,17.298971207861687,299.25440485042765,42,61.796490992730455,0.20650152509406627
573.5,9.026666666666667,1.9164296020526241,17.298971207861687,299.25440485042765,45,66.21052606363978,0.22125163402935674
573.5,10.1,1.7781302003578088,17.95911502361387,322.5298124313934,0,0.0,0.0
573.5,10.1,1.7781302003578088,17.95911502361387,322.5298124313934,3,4.757349868241848,0.014750108935290447
573.5,10.1,1.7781302003578088,17.95911502361387,322.5298124313934,6,9.514699736483696,0.029500217870580894
573.5,10.1,1.7781302003578088,17.95911502361387,322.5298124313934,9,14.272049604725543,0.04425032680587134
573.5,10.1,1.7781302003578088,17.95911502361387,322.5298124313934,12,19.02939947296739,0.05900043574116179
573.5,10.1,1.7781302003578088,17.95911502361387,322.5298124313934,15,23.786749341209237,0.07375054467645223
573.5,10.1,1.7781302003578088,17.95911502361387,322.5298124313934,18,28.544099209451087,0.08850065361174268
573.5,10.1,1.7781302003578088,17.95911502361387,322.5298124313934,21,33.301449077692936,0.10325076254703314
573.5,10.1,1.7781302003578088,17.95911502361387,322.5298124313934,24,38.05879894593478,0.11800087148232358
573.5,10.1,1.7781302003578088,17.95911502361387,322.5298124313934,27,42.81614881417663,0.13275098041761402
573.5,10.1,1.7781302003578088,17.95911502361387,322.5298124313934,30,47.573498682418474,0.14750108935290446
573.5,10.1,1.7781302003578088,17.95911502361387,322.5298124313934,33,52.33084855066032,0.1622511982881949
573.5,10.1,1.7781302003578088,17.95911502361387,322.5298124313934,36,57.088198418902174,0.17700130722348537
573.5,10.1,1.7781302003578088,17.95911502361387,322.5298124313934,39,61.84554828714402,0.1917514161587758
573.5,10.1,1.7781302003578088,17.95911502361387,322.5298124313934,42,66.60289815538587,0.20650152509406627
573.5,10.1,1.7781302003578088,17.95911502361387,322.5298124313934,45,71.36024802362772,0.22125163402935671
691.2,6.88,2.4442312049209702,16.816310689856277,282.7883052177745,0,0.0,0.0
691.2,6.88,2.4442312049209702,16.816310689856277,282.7883052177745,3,4.171158307588338,0.014750108935290447
691.2,6.88,2.4442312049209702,16.816310689856277,282.7883052177745,6,8.342316615176676,0.029500217870580894
691.2,6.88,2.4442312049209702,16.816310689856277,282.7883052177745,9,12.513474922765013,0.04425032680587134
691.2,6.88,2.4442312049209702,16.816310689856277,282.7883052177745,12,16.684633230353352,0.05900043574116179
691.2,6.88,2.4442312049209702,16.816310689856277,282.7883052177745,15,20.855791537941688,0.07375054467645223
691.2,6.88,2.4442312049209702,16.816310689856277,282.7883052177745,18,25.026949845530027,0.08850065361174268
691.2,6.88,2.4442312049209702,16.816310689856277,282.7883052177745,21,29.198108153118365,0.10325076254703312
691.2,6.88,2.4442312049209702,16.816310689856277,282.7883052177745,24,33.369266460706704,0.11800087148232358
691.2,6.88,2.4442312049209702,16.816310689856277,282.7883052177745,27,37.54042476829504,0.13275098041761402
691.2,6.88,2.4442312049209702,16.816310689856277,282.7883052177745,30,41.711583075883375,0.14750108935290446
691.2,6.88,2.4442312049209702,16.816310689856277,282.7883052177745,33,45.88274138347172,0.16225119828819493
691.2,6.88,2.4442312049209702,16.816310689856277,282.7883052177745,36,50.05389969106005,0.17700130722348537
691.2,6.88,2.4442312049209702,16.816310689856277,282.7883052177745,39,54.22505799864839,0.1917514161587758
691.2,6.88,2.4442312049209702,16.816310689856277,282.7883052177745,42,58.39621630623673,0.20650152509406625
691.2,6.88,2.4442312049209702,16.816310689856277,282.7883052177745,45,62.567374613825066,0.2212516340293567
691.2,7.953333333333333,2.219056976984952,17.64889982362032,311.48366498418534,0,0.0,0.0
691.2,7.953333333333333,2.219056976984952,17.64889982362032,311.48366498418534,3,4.594417990080249,0.014750108935290449
691.2,7.953333333333333,2.219056976984952,17.64889982362032,311.48366498418534,6,9.188835980160498,0.029500217870580898
691.2,7.953333333333333,2.219056976984952,17.64889982362032,311.48366498418534,9,13.783253970240745,0.04425032680587134
691.2,7.953333333333333,2.219056976984952,17.64889982362032,311.48366498418534,12,18.377671960320995,0.059000435741161796
691.2,7.953333333333333,2.219056976984952,17.64889982362032,311.48366498418534,15,22.97208995040124,0.07375054467645223
691.2,7.953333333333333,2.219056976984952,17.64889982362032,311.48366498418534,18,27.56650794048149,0.08850065361174268
691.2,7.953333333333333,2.219056976984952,17.64889982362032,311.48366498418534,21,32.16092593056174,0.10325076254703314
691.2,7.953333333333333,2.219056976984952,17.64889982362032,311.48366498418534,24,36.75534392064199,0.11800087148232359
691.2,7.953333333333333,2.219056976984952,17.64889982362032,311.48366498418534,27,41.349761910722236,0.13275098041761402
691.2,7.953333333333333,2.219056976984952,17.64889982362032,311.48366498418534,30,45.94417990080248,0.14750108935290446
691.2,7.953333333333333,2.219056976984952,17.64889982362032,311.48366498418534,33,50.538597890882734,0.16225119828819493
691.2,7.953333333333333,2.219056976984952,17.64889982362032,311.48366498418534,36,55.13301588096298,0.17700130722348537
691.2,7.953333333333333,2.219056976984952,17.64889982362032,311.48366498418534,39,59.72743387104323,0.19175141615877583
691.2,7.953333333333333,2.219056976984952,17.64889982362032,311.48366498418534,42,64.32185186112348,0.20650152509406627
691.2,7.953333333333333,2.219056976984952,17.64889982362032,311.48366498418534,45,68.91626985120372,0.2212516340293567
691.2,9.026666666666667,2.0394652332195764,18.40957283852871,338.912372097094,0,0.0,0.0
691.2,9.026666666666667,2.0394652332195764,18.40957283852871,338.912372097094,3,4.998994407949827,0.014750108935290447
691.2,9.026666666666667,2.0394652332195764,18.40957283852871,338.912372097094,6,9.997988815899655,0.029500217870580894
691.2,9.026666666666667,2.0394652332195764,18.40957283852871,338.912372097094,9,14.996983223849483,0.04425032680587134
691.2,9.026666666666667,2.0394652332195764,18.40957283852871,338.912372097094,12,19.99597763179931,0.05900043574116179
691.2,9.026666666666667,2.0394652332195764,18.40957283852871,338.912372097094,15,24.994972039749136,0.07375054467645223
691.2,9.026666666666667,2.0394652332195764,18.40957283852871,338.912372097094,18,29.993966447698966,0.08850065361174268
691.2,9.026666666666667,2.0394652332195764,18.40957283852871,338.912372097094,21,34.99296085564879,0.10325076254703312
691.2,9.026666666666667,2.0394652332195764,18.40957283852871,338.912372097094,24,39.99195526359862,0.11800087148232358
691.2,9.026666666666667,2.0394652332195764,18.40957283852871,338.912372097094,27,44.99094967154845,0.13275098041761405
691.2,9.026666666666667,2.0394652332195764,18.40957283852871,338.912372097094,30,49.98994407949827,0.14750108935290446
691.2,9.026666666666667,2.0394652332195764,18.40957283852871,338.912372097094,33,54.9889384874481,0.16225119828819493
691.2,9.026666666666667,2.0394652332195764,18.40957283852871,338.912372097094,36,59.98793289539793,0.17700130722348537
691.2,9.026666666666667,2.0394652332195764,18.40957283852871,338.912372097094,39,64.98692730334776,0.1917514161587758
691.2,9.026666666666667,2.0394652332195764,18.40957283852871,338.912372097094,42,69.98592171129758,0.20650152509406625
691.2,9.026666666666667,2.0394652332195764,18.40957283852871,338.912372097094,45,74.98491611924742,0.22125163402935671
691.2,10.1,1.8922869485439784,19.112098180294183,365.27229685320424,0,0.0,0.0
691.2,10.1,1.8922869485439784,19.112098180294183,365.27229685320424,3,5.387806169628513,0.014750108935290449
691.2,10.1,1.8922869485439784,19.112098180294183,365.27229685320424,6,10.775612339257027,0.029500217870580898
691.2,10.1,1.8922869485439784,19.112098180294183,365.27229685320424,9,16.163418508885538,0.04425032680587134
691.2,10.1,1.8922869485439784,19.112098180294183,365.27229685320424,12,21.551224678514053,0.059000435741161796
691.2,10.1,1.8922869485439784,19.112098180294183,365.27229685320424,15,26.939030848142565,0.07375054467645224
691.2,10.1,1.8922869485439784,19.112098180294183,365.27229685320424,18,32.326837017771076,0.08850065361174268
691.2,10.1,1.8922869485439784,19.112098180294183,365.27229685320424,21,37.71464318739959,0.10325076254703314
691.2,10.1,1.8922869485439784,19.112098180294183,365.27229685320424,24,43.10244935702811,0.11800087148232359
691.2,10.1,1.8922869485439784,19.112098180294183,365.27229685320424,27,48.49025552665662,0.13275098041761405
691.2,10.1,1.8922869485439784,19.112098180294183,365.27229685320424,30,53.87806169628513,0.14750108935290449
691.2,10.1,1.8922869485439784,19.112098180294183,365.27229685320424,33,59.26586786591364,0.16225119828819493
691.2,10.1,1.8922869485439784,19.112098180294183,365.27229685320424,36,64.65367403554215,0.17700130722348537
691.2,10.1,1.8922869485439784,19.112098180294183,365.27229685320424,39,70.04148020517067,0.19175141615877583
691.2,10.1,1.8922869485439784,19.112098180294183,365.27229685320424,42,75.42928637479918,0.20650152509406627
691.2,10.1,1.8922869485439784,19.112098180294183,365.27229685320424,45,80.8170925444277,0.22125163402935671
738.0,6.88,2.498195922158952,17.18758794445359,295.41317934832637,0,0.0,0.0
738.0,6.88,2.498195922158952,17.18758794445359,295.41317934832637,3,4.357376576308308,0.014750108935290447
738.0,6.88,2.498195922158952,17.18758794445359,295.41317934832637,6,8.714753152616616,0.029500217870580894
738.0,6.88,2.498195922158952,17.18758794445359,295.41317934832637,9,13.072129728924924,0.04425032680587134
738.0,6.88,2.498195922158952,17.18758794445359,295.41317934832637,12,17.429506305233232,0.05900043574116179
738.0,6.88,2.498195922158952,17.18758794445359,295.41317934832637,15,21.78688288154154,0.07375054467645223
738.0,6.88,2.498195922158952,17.18758794445359,295.41317934832637,18,26.14425945784985,0.08850065361174268
738.0,6.88,2.498195922158952,17.18758794445359,295.41317934832637,21,30.501636034158157,0.10325076254703312
738.0,6.88,2.498195922158952,17.18758794445359,295.41317934832637,24,34.859012610466465,0.11800087148232358
738.0,6.88,2.498195922158952,17.18758794445359,295.41317934832637,27,39.21638918677478,0.13275098041761405
738.0,6.88,2.498195922158952,17.18758794445359,295.41317934832637,30,43.57376576308308,0.14750108935290446
738.0,6.88,2.498195922158952,17.18758794445359,295.41317934832637,33,47.931142339391386,0.1622511982881949
738.0,6.88,2.498195922158952,17.18758794445359,295.41317934832637,36,52.2885189156997,0.17700130722348537
738.0,6.88,2.498195922158952,17.18758794445359,295.41317934832637,39,56.64589549200801,0.19175141615877583
738.0,6.88,2.498195922158952,17.18758794445359,295.41317934832637,42,61.00327206831631,0.20650152509406625
738.0,6.88,2.498195922158952,17.18758794445359,295.41317934832637,45,65.36064864462462,0.2212516340293567
738.0,7.953333333333333,2.2680502072721973,18.038559315171543,325.38962216696206,0,0.0,0.0
738.0,7.953333333333333,2.2680502072721973,18.038559315171543,325.38962216696206,3,4.79953237337569,0.014750108935290447
738.0,7.953333333333333,2.2680502072721973,18.038559315171543,325.38962216696206,6,9.59906474675138,0.029500217870580894
738.0,7.953333333333333,2.2680502072721973,18.038559315171543,325.38962216696206,9,14.39859712012707,0.04425032680587134
738.0,7.953333333333333,2.2680502072721973,18.038559315171543,325.38962216696206,12,19.19812949350276,0.05900043574116179
738.0,7.953333333333333,2.2680502072721973,18.038559315171543,325.38962216696206,15,23.99766186687845,0.07375054467645224
738.0,7.953333333333333,2.2680502072721973,18.038559315171543,325.38962216696206,18,28.79719424025414,0.08850065361174268
738.0,7.953333333333333,2.2680502072721973,18.038559315171543,325.38962216696206,21,33.596726613629826,0.10325076254703312
738.0,7.953333333333333,2.2680502072721973,18.038559315171543,325.38962216696206,24,38.39625898700552,0.11800087148232358
738.0,7.953333333333333,2.2680502072721973,18.038559315171543,325.38962216696206,27,43.19579136038121,0.13275098041761402
738.0,7.953333333333333,2.2680502072721973,18.038559315171543,325.38962216696206,30,47.9953237337569,0.14750108935290449
738.0,7.953333333333333,2.2680502072721973,18.038559315171543,325.38962216696206,33,52.79485610713259,0.16225119828819493
738.0,7.953333333333333,2.2680502072721973,18.038559315171543,325.38962216696206,36,57.59438848050828,0.17700130722348537
738.0,7.953333333333333,2.2680502072721973,18.038559315171543,325.38962216696206,39,62.39392085388397,0.19175141615877583
738.0,7.953333333333333,2.2680502072721973,18.038559315171543,325.38962216696206,42,67.19345322725965,0.20650152509406625
738.0,7.953333333333333,2.2680502072721973,18.038559315171543,325.38962216696206,45,71.99298560063535,0.22125163402935674
738.0,9.026666666666667,2.0844933649306054,18.816026774106934,354.042863563909,0,0.0,0.0
738.0,9.026666666666667,2.0844933649306054,18.816026774106934,354.042863563909,3,5.2221708053298315,0.014750108935290449
738.0,9.026666666666667,2.0844933649306054,18.816026774106934,354.042863563909,6,10.444341610659663,0.029500217870580898
738.0,9.026666666666667,2.0844933649306054,18.816026774106934,354.042863563909,9,15.666512415989493,0.04425032680587134
738.0,9.026666666666667,2.0844933649306054,18.816026774106934,354.042863563909,12,20.888683221319326,0.059000435741161796
738.0,9.026666666666667,2.0844933649306054,18.816026774106934,354.042863563909,15,26.110854026649154,0.07375054467645223
738.0,9.026666666666667,2.0844933649306054,18.816026774106934,354.042863563909,18,31.333024831978985,0.08850065361174268
738.0,9.026666666666667,2.0844933649306054,18.816026774106934,354.042863563909,21,36.55519563730882,0.10325076254703314
738.0,9.026666666666667,2.0844933649306054,18.816026774106934,354.042863563909,24,41.77736644263865,0.11800087148232359
738.0,9.026666666666667,2.0844933649306054,18.816026774106934,354.042863563909,27,46.999537247968476,0.13275098041761402
738.0,9.026666666666667,2.0844933649306054,18.816026774106934,354.042863563909,30,52.22170805329831,0.14750108935290446
738.0,9.026666666666667,2.0844933649306054,18.816026774106934,354.042863563909,33,57.44387885862814,0.16225119828819493
738.0,9.026666666666667,2.0844933649306054,18.816026774106934,354.042863563909,36,62.66604966395797,0.17700130722348537
738.0,9.026666666666667,2.0844933649306054,18.816026774106934,354.042863563909,39,67.8882204692878,0.1917514161587758
738.0,9.026666666666667,2.0844933649306054,18.816026774106934,354.042863563909,42,73.11039127461764,0.20650152509406627
738.0,9.026666666666667,2.0844933649306054,18.816026774106934,354.042863563909,45,78.33256207994746,0.22125163402935671
738.0,10.1,1.9340656190337862,19.53406275224124,381.57960760849863,0,0.0,0.0
738.0,10.1,1.9340656190337862,19.53406275224124,381.57960760849863,3,5.628340779710738,0.014750108935290447
738.0,10.1,1.9340656190337862,19.53406275224124,381.57960760849863,6,11.256681559421477,0.029500217870580894
738.0,10.1,1.9340656190337862,19.53406275224124,381.57960760849863,9,16.885022339132217,0.04425032680587135
738.0,10.1,1.9340656190337862,19.53406275224124,381.57960760849863,12,22.513363118842953,0.05900043574116179
738.0,10.1,1.9340656190337862,19.53406275224124,381.57960760849863,15,28.141703898553693,0.07375054467645224
738.0,10.1,1.9340656190337862,19.53406275224124,381.57960760849863,18,33.77004467826443,0.0885006536117427
738.0,10.1,1.9340656190337862,19.53406275224124,381.57960760849863,21,39.398385457975166,0.10325076254703312
738.0,10.1,1.9340656190337862,19.53406275224124,381.57960760849863,24,45.02672623768591,0.11800087148232358
738.0,10.1,1.9340656190337862,19.53406275224124,381.57960760849863,27,50.65506701739665,0.13275098041761402
738.0,10.1,1.9340656190337862,19.53406275224124,381.57960760849863,30,56.28340779710739,0.14750108935290449
738.0,10.1,1.9340656190337862,19.53406275224124,381.57960760849863,33,61.91174857681813,0.16225119828819493
738.0,10.1,1.9340656190337862,19.53406275224124,381.57960760849863,36,67.54008935652887,0.1770013072234854
738.0,10.1,1.9340656190337862,19.53406275224124,381.57960760849863,39,73.1684301362396,0.19175141615877583
738.0,10.1,1.9340656190337862,19.53406275224124,381.57960760849863,42,78.79677091595033,0.20650152509406625
738.0,10.1,1.9340656190337862,19.53406275224124,381.57960760849863,45,84.42511169566107,0.2212516340293567
